ONTOLOGY_NAME,FORGETTING_METHOD,FORGETTING_STRATEGY,FORMULA_ID,JUSTIFICATION_ID,FORMULA_SIZE,JUSTIFICATION_SIZE,STRATEGY_STEP_COUNT,EXPLANATION_LENGTH,JUSTIFICATION_INCREASE_AMOUNT,SUCCESSFUL_EXPLANATION
pizza,AlchTBoxForgetter,3,0,1,2,4,4,4,0,0
pizza,AlchTBoxForgetter,3,0,0,2,5,5,4,1,1
pizza,AlchTBoxForgetter,3,1,7,2,8,9,9,0,0
pizza,AlchTBoxForgetter,3,1,6,2,8,9,9,0,0
pizza,AlchTBoxForgetter,3,1,4,2,6,6,5,0,1
pizza,AlchTBoxForgetter,3,1,5,2,6,7,5,0,1
pizza,AlchTBoxForgetter,3,1,1,2,4,4,3,0,1
pizza,AlchTBoxForgetter,3,1,0,2,4,3,3,0,1
pizza,AlchTBoxForgetter,3,1,2,2,6,6,6,0,0
pizza,AlchTBoxForgetter,3,1,3,2,6,6,6,0,0
pizza,AlchTBoxForgetter,3,1,17,2,4,4,3,0,1
pizza,AlchTBoxForgetter,3,1,16,2,4,4,3,0,1
pizza,AlchTBoxForgetter,3,1,14,2,4,4,3,0,1
pizza,AlchTBoxForgetter,3,1,15,2,4,4,3,0,1
pizza,AlchTBoxForgetter,3,1,8,2,6,7,5,0,1
pizza,AlchTBoxForgetter,3,1,11,2,6,7,5,0,1
pizza,AlchTBoxForgetter,3,1,10,2,6,6,6,0,0
pizza,AlchTBoxForgetter,3,1,9,2,8,8,8,0,0
pizza,AlchTBoxForgetter,3,1,12,2,8,9,9,0,0
pizza,AlchTBoxForgetter,3,1,13,2,4,4,3,0,1
pizza,AlchTBoxForgetter,3,2,10,2,5,5,5,0,0
pizza,AlchTBoxForgetter,3,2,6,2,7,8,8,0,0
pizza,AlchTBoxForgetter,3,2,7,2,7,8,8,0,0
pizza,AlchTBoxForgetter,3,2,11,2,5,6,4,0,1
pizza,AlchTBoxForgetter,3,2,13,2,3,3,2,0,1
pizza,AlchTBoxForgetter,3,2,5,2,5,6,4,0,1
pizza,AlchTBoxForgetter,3,2,4,2,5,5,4,0,1
pizza,AlchTBoxForgetter,3,2,12,2,7,8,8,0,0
pizza,AlchTBoxForgetter,3,2,16,2,3,3,2,0,1
pizza,AlchTBoxForgetter,3,2,0,2,3,2,2,0,1
pizza,AlchTBoxForgetter,3,2,1,2,3,3,2,0,1
pizza,AlchTBoxForgetter,3,2,17,2,3,3,2,0,1
pizza,AlchTBoxForgetter,3,2,15,2,3,3,2,0,1
pizza,AlchTBoxForgetter,3,2,3,2,5,5,5,0,0
pizza,AlchTBoxForgetter,3,2,2,2,5,5,5,0,0
pizza,AlchTBoxForgetter,3,2,14,2,3,3,2,0,1
pizza,AlchTBoxForgetter,3,2,9,2,7,7,7,0,0
pizza,AlchTBoxForgetter,3,2,8,2,5,6,4,0,1
pizza,AlchTBoxForgetter,3,3,3,2,9,14,14,23,0
pizza,AlchTBoxForgetter,3,3,2,2,13,18,18,24,0
pizza,AlchTBoxForgetter,3,3,0,2,10,15,15,23,0
pizza,AlchTBoxForgetter,3,3,1,2,14,19,19,24,0
pizza,AlchTBoxForgetter,3,4,0,2,5,5,5,1,1
pizza,AlchTBoxForgetter,3,4,1,2,4,4,4,0,0
pizza,AlchTBoxForgetter,3,5,0,2,1,0,0,0,1
pizza,AlchTBoxForgetter,3,6,1,2,5,6,6,0,0
pizza,AlchTBoxForgetter,3,6,0,2,6,7,5,3,1
pizza,AlchTBoxForgetter,3,7,1,2,2,2,1,0,1
pizza,AlchTBoxForgetter,3,7,0,2,2,1,1,0,1
pizza,AlchTBoxForgetter,3,7,2,2,2,2,1,0,1
pizza,AlchTBoxForgetter,3,7,3,2,2,2,1,0,1
pizza,AlchTBoxForgetter,3,8,1,2,4,4,4,0,0
pizza,AlchTBoxForgetter,3,8,0,2,5,5,4,1,1
pizza,AlchTBoxForgetter,3,9,8,2,6,6,6,0,0
pizza,AlchTBoxForgetter,3,9,9,2,6,7,5,0,1
pizza,AlchTBoxForgetter,3,9,19,2,6,6,6,0,0
pizza,AlchTBoxForgetter,3,9,25,2,4,4,3,0,1
pizza,AlchTBoxForgetter,3,9,24,2,4,4,3,0,1
pizza,AlchTBoxForgetter,3,9,18,2,6,6,6,0,0
pizza,AlchTBoxForgetter,3,9,26,2,6,6,5,0,1
pizza,AlchTBoxForgetter,3,9,27,2,8,8,8,0,0
pizza,AlchTBoxForgetter,3,9,23,2,4,4,3,0,1
pizza,AlchTBoxForgetter,3,9,22,2,4,4,3,0,1
pizza,AlchTBoxForgetter,3,9,20,2,6,7,5,0,1
pizza,AlchTBoxForgetter,3,9,21,2,8,9,9,0,0
pizza,AlchTBoxForgetter,3,9,10,2,6,7,5,0,1
pizza,AlchTBoxForgetter,3,9,11,2,8,9,9,0,0
pizza,AlchTBoxForgetter,3,9,13,2,8,9,9,0,0
pizza,AlchTBoxForgetter,3,9,12,2,8,9,9,0,0
pizza,AlchTBoxForgetter,3,9,16,2,8,9,9,0,0
pizza,AlchTBoxForgetter,3,9,17,2,6,6,6,0,0
pizza,AlchTBoxForgetter,3,9,15,2,6,7,5,0,1
pizza,AlchTBoxForgetter,3,9,14,2,6,7,5,0,1
pizza,AlchTBoxForgetter,3,9,7,2,4,4,3,0,1
pizza,AlchTBoxForgetter,3,9,6,2,4,4,3,0,1
pizza,AlchTBoxForgetter,3,9,4,2,4,4,3,0,1
pizza,AlchTBoxForgetter,3,9,5,2,4,4,3,0,1
pizza,AlchTBoxForgetter,3,9,1,2,4,4,3,0,1
pizza,AlchTBoxForgetter,3,9,0,2,4,3,3,0,1
pizza,AlchTBoxForgetter,3,9,2,2,6,6,6,0,0
pizza,AlchTBoxForgetter,3,9,3,2,4,4,3,0,1
pizza,AlchTBoxForgetter,3,10,5,2,3,3,2,0,1
pizza,AlchTBoxForgetter,3,10,20,2,5,6,4,0,1
pizza,AlchTBoxForgetter,3,10,21,2,7,8,8,0,0
pizza,AlchTBoxForgetter,3,10,4,2,3,3,2,0,1
pizza,AlchTBoxForgetter,3,10,6,2,3,3,2,0,1
pizza,AlchTBoxForgetter,3,10,23,2,3,3,2,0,1
pizza,AlchTBoxForgetter,3,10,22,2,3,3,2,0,1
pizza,AlchTBoxForgetter,3,10,7,2,3,3,2,0,1
pizza,AlchTBoxForgetter,3,10,3,2,3,3,2,0,1
pizza,AlchTBoxForgetter,3,10,26,2,5,5,4,0,1
pizza,AlchTBoxForgetter,3,10,27,2,7,7,7,0,0
pizza,AlchTBoxForgetter,3,10,2,2,5,5,5,0,0
pizza,AlchTBoxForgetter,3,10,0,2,3,2,2,0,1
pizza,AlchTBoxForgetter,3,10,19,2,5,5,5,0,0
pizza,AlchTBoxForgetter,3,10,25,2,3,3,2,0,1
pizza,AlchTBoxForgetter,3,10,24,2,3,3,2,0,1
pizza,AlchTBoxForgetter,3,10,18,2,5,5,5,0,0
pizza,AlchTBoxForgetter,3,10,1,2,3,3,2,0,1
pizza,AlchTBoxForgetter,3,10,15,2,5,6,4,0,1
pizza,AlchTBoxForgetter,3,10,14,2,5,6,4,0,1
pizza,AlchTBoxForgetter,3,10,16,2,7,8,8,0,0
pizza,AlchTBoxForgetter,3,10,17,2,5,5,5,0,0
pizza,AlchTBoxForgetter,3,10,13,2,7,8,8,0,0
pizza,AlchTBoxForgetter,3,10,12,2,7,8,8,0,0
pizza,AlchTBoxForgetter,3,10,9,2,5,6,4,0,1
pizza,AlchTBoxForgetter,3,10,10,2,5,6,4,0,1
pizza,AlchTBoxForgetter,3,10,11,2,7,8,8,0,0
pizza,AlchTBoxForgetter,3,10,8,2,5,5,5,0,0
pizza,AlchTBoxForgetter,3,11,17,2,14,30,30,101,0
pizza,AlchTBoxForgetter,3,11,6,2,15,22,22,29,0
pizza,AlchTBoxForgetter,3,11,7,2,10,21,21,78,0
pizza,AlchTBoxForgetter,3,11,16,2,13,18,18,24,0
pizza,AlchTBoxForgetter,3,11,28,2,16,21,21,29,0
pizza,AlchTBoxForgetter,3,11,14,2,15,31,31,101,0
pizza,AlchTBoxForgetter,3,11,5,2,12,13,13,2,0
pizza,AlchTBoxForgetter,3,11,4,2,15,22,22,29,0
pizza,AlchTBoxForgetter,3,11,15,2,14,19,19,29,0
pizza,AlchTBoxForgetter,3,11,29,2,16,32,32,101,0
pizza,AlchTBoxForgetter,3,11,11,2,12,27,27,100,0
pizza,AlchTBoxForgetter,3,11,39,2,16,23,23,29,0
pizza,AlchTBoxForgetter,3,11,0,2,10,15,15,23,0
pizza,AlchTBoxForgetter,3,11,1,2,11,22,22,78,0
pizza,AlchTBoxForgetter,3,11,38,2,15,22,22,29,0
pizza,AlchTBoxForgetter,3,11,10,2,13,25,25,79,0
pizza,AlchTBoxForgetter,3,11,12,2,13,18,18,24,0
pizza,AlchTBoxForgetter,3,11,3,2,12,18,18,28,0
pizza,AlchTBoxForgetter,3,11,2,2,11,26,26,100,0
pizza,AlchTBoxForgetter,3,11,13,2,15,20,20,29,0
pizza,AlchTBoxForgetter,3,11,48,2,11,16,16,23,0
pizza,AlchTBoxForgetter,3,11,60,2,11,11,11,0,0
pizza,AlchTBoxForgetter,3,11,61,2,10,10,10,0,0
pizza,AlchTBoxForgetter,3,11,49,2,12,27,27,100,0
pizza,AlchTBoxForgetter,3,11,63,2,15,31,31,101,0
pizza,AlchTBoxForgetter,3,11,62,2,12,27,27,100,0
pizza,AlchTBoxForgetter,3,11,66,2,16,32,32,101,0
pizza,AlchTBoxForgetter,3,11,67,2,16,32,32,101,0
pizza,AlchTBoxForgetter,3,11,71,2,14,19,19,24,0
pizza,AlchTBoxForgetter,3,11,65,2,15,20,20,29,0
pizza,AlchTBoxForgetter,3,11,59,2,13,28,28,100,0
pizza,AlchTBoxForgetter,3,11,58,2,15,20,20,29,0
pizza,AlchTBoxForgetter,3,11,64,2,15,31,31,101,0
pizza,AlchTBoxForgetter,3,11,70,2,13,18,18,24,0
pizza,AlchTBoxForgetter,3,11,69,2,9,14,14,23,0
pizza,AlchTBoxForgetter,3,11,55,2,14,19,19,29,0
pizza,AlchTBoxForgetter,3,11,41,2,11,16,16,23,0
pizza,AlchTBoxForgetter,3,11,40,2,16,23,23,29,0
pizza,AlchTBoxForgetter,3,11,54,2,14,30,30,101,0
pizza,AlchTBoxForgetter,3,11,68,2,16,21,21,29,0
pizza,AlchTBoxForgetter,3,11,42,2,11,11,11,0,0
pizza,AlchTBoxForgetter,3,11,56,2,15,31,31,101,0
pizza,AlchTBoxForgetter,3,11,57,2,15,31,31,101,0
pizza,AlchTBoxForgetter,3,11,43,2,10,10,10,0,0
pizza,AlchTBoxForgetter,3,11,47,2,10,10,10,0,0
pizza,AlchTBoxForgetter,3,11,53,2,14,30,30,101,0
pizza,AlchTBoxForgetter,3,11,52,2,11,26,26,100,0
pizza,AlchTBoxForgetter,3,11,46,2,11,11,11,0,0
pizza,AlchTBoxForgetter,3,11,50,2,11,11,11,0,0
pizza,AlchTBoxForgetter,3,11,44,2,10,15,15,23,0
pizza,AlchTBoxForgetter,3,11,45,2,12,17,17,23,0
pizza,AlchTBoxForgetter,3,11,51,2,10,10,10,0,0
pizza,AlchTBoxForgetter,3,11,36,2,12,18,18,28,0
pizza,AlchTBoxForgetter,3,11,22,2,12,27,27,100,0
pizza,AlchTBoxForgetter,3,11,23,2,15,31,31,101,0
pizza,AlchTBoxForgetter,3,11,37,2,15,22,22,29,0
pizza,AlchTBoxForgetter,3,11,21,2,16,23,23,29,0
pizza,AlchTBoxForgetter,3,11,35,2,12,13,13,2,0
pizza,AlchTBoxForgetter,3,11,34,2,13,14,14,2,0
pizza,AlchTBoxForgetter,3,11,20,2,16,23,23,29,0
pizza,AlchTBoxForgetter,3,11,24,2,14,19,19,24,0
pizza,AlchTBoxForgetter,3,11,30,2,14,26,26,79,0
pizza,AlchTBoxForgetter,3,11,18,2,13,19,19,28,0
pizza,AlchTBoxForgetter,3,11,9,2,12,13,13,2,0
pizza,AlchTBoxForgetter,3,11,8,2,13,25,25,79,0
pizza,AlchTBoxForgetter,3,11,19,2,13,14,14,2,0
pizza,AlchTBoxForgetter,3,11,31,2,13,14,14,2,0
pizza,AlchTBoxForgetter,3,11,25,2,15,20,20,29,0
pizza,AlchTBoxForgetter,3,11,33,2,13,19,19,28,0
pizza,AlchTBoxForgetter,3,11,27,2,13,28,28,100,0
pizza,AlchTBoxForgetter,3,11,26,2,14,19,19,24,0
pizza,AlchTBoxForgetter,3,11,32,2,14,26,26,79,0
pizza,AlchTBoxForgetter,3,12,1,2,4,4,4,0,0
pizza,AlchTBoxForgetter,3,12,0,2,5,5,5,1,1
pizza,AlchTBoxForgetter,3,13,0,2,1,0,0,0,1
pizza,AlchTBoxForgetter,3,14,1,2,5,6,6,0,0
pizza,AlchTBoxForgetter,3,14,0,2,6,7,5,3,1
pizza,AlchTBoxForgetter,3,15,2,2,2,2,1,0,1
pizza,AlchTBoxForgetter,3,15,3,2,2,2,1,0,1
pizza,AlchTBoxForgetter,3,15,1,2,2,2,1,0,1
pizza,AlchTBoxForgetter,3,15,0,2,2,1,1,0,1
pizza,AlchTBoxForgetter,3,15,4,2,2,2,1,0,1
pizza,AlchTBoxForgetter,3,15,5,2,2,2,1,0,1
pizza,AlchTBoxForgetter,3,16,3,2,8,9,9,2,0
pizza,AlchTBoxForgetter,3,16,2,2,6,7,7,1,0
pizza,AlchTBoxForgetter,3,16,0,2,7,8,8,1,0
pizza,AlchTBoxForgetter,3,16,1,2,6,7,7,1,0
pizza,AlchTBoxForgetter,3,16,5,2,7,8,8,1,0
pizza,AlchTBoxForgetter,3,16,4,2,9,10,10,0,0
pizza,AlchTBoxForgetter,3,16,6,2,9,10,10,2,1
pizza,AlchTBoxForgetter,3,16,7,2,10,11,11,2,1
pizza,AlchTBoxForgetter,3,17,0,2,6,7,7,0,0
pizza,AlchTBoxForgetter,3,17,1,2,5,6,6,0,0
pizza,AlchTBoxForgetter,3,17,3,2,7,8,8,0,0
pizza,AlchTBoxForgetter,3,17,2,2,5,6,6,0,0
pizza,AlchTBoxForgetter,3,17,6,2,8,9,9,0,1
pizza,AlchTBoxForgetter,3,17,7,2,9,10,10,0,1
pizza,AlchTBoxForgetter,3,17,5,2,6,7,7,0,0
pizza,AlchTBoxForgetter,3,17,4,2,8,9,9,0,0
pizza,AlchTBoxForgetter,3,18,0,2,4,3,3,0,1
pizza,AlchTBoxForgetter,3,19,0,2,1,0,0,0,1
pizza,AlchTBoxForgetter,3,20,0,2,3,2,2,0,1
pizza,AlchTBoxForgetter,3,21,0,2,2,1,1,0,1
pizza,AlchTBoxForgetter,3,22,0,2,4,3,3,0,1
pizza,AlchTBoxForgetter,3,23,0,2,3,2,2,0,1
pizza,AlchTBoxForgetter,3,24,0,2,2,1,1,0,1
pizza,AlchTBoxForgetter,3,25,0,2,1,0,0,0,1
pizza,AlchTBoxForgetter,3,26,0,2,3,7,2,5,1
pizza,AlchTBoxForgetter,3,27,0,2,4,3,3,0,1
pizza,AlchTBoxForgetter,3,28,0,2,3,2,2,0,1
pizza,AlchTBoxForgetter,3,29,0,2,2,1,1,0,1
pizza,AlchTBoxForgetter,3,30,0,2,1,0,0,0,1
pizza,AlchTBoxForgetter,3,31,0,2,3,7,2,5,1
pizza,AlchTBoxForgetter,3,32,1,2,4,4,4,0,0
pizza,AlchTBoxForgetter,3,32,0,2,5,5,4,1,1
pizza,AlchTBoxForgetter,3,33,1,2,4,4,3,0,1
pizza,AlchTBoxForgetter,3,33,0,2,4,3,3,0,1
pizza,AlchTBoxForgetter,3,33,2,2,6,6,6,0,0
pizza,AlchTBoxForgetter,3,33,3,2,6,6,6,0,0
pizza,AlchTBoxForgetter,3,33,7,2,8,9,9,0,0
pizza,AlchTBoxForgetter,3,33,6,2,8,9,9,0,0
pizza,AlchTBoxForgetter,3,33,4,2,6,6,5,0,1
pizza,AlchTBoxForgetter,3,33,5,2,6,7,5,0,1
pizza,AlchTBoxForgetter,3,33,28,2,4,4,3,0,1
pizza,AlchTBoxForgetter,3,33,14,2,6,7,5,0,1
pizza,AlchTBoxForgetter,3,33,15,2,8,8,8,0,0
pizza,AlchTBoxForgetter,3,33,29,2,4,4,3,0,1
pizza,AlchTBoxForgetter,3,33,17,2,6,6,6,0,0
pizza,AlchTBoxForgetter,3,33,16,2,6,6,6,0,0
pizza,AlchTBoxForgetter,3,33,12,2,6,7,5,0,1
pizza,AlchTBoxForgetter,3,33,13,2,6,7,5,0,1
pizza,AlchTBoxForgetter,3,33,11,2,6,7,5,0,1
pizza,AlchTBoxForgetter,3,33,10,2,8,9,9,0,0
pizza,AlchTBoxForgetter,3,33,21,2,8,9,9,0,0
pizza,AlchTBoxForgetter,3,33,20,2,6,7,5,0,1
pizza,AlchTBoxForgetter,3,33,22,2,4,4,3,0,1
pizza,AlchTBoxForgetter,3,33,23,2,4,4,3,0,1
pizza,AlchTBoxForgetter,3,33,27,2,4,4,3,0,1
pizza,AlchTBoxForgetter,3,33,32,2,4,4,3,0,1
pizza,AlchTBoxForgetter,3,33,26,2,4,4,3,0,1
pizza,AlchTBoxForgetter,3,33,30,2,4,4,3,0,1
pizza,AlchTBoxForgetter,3,33,24,2,4,4,3,0,1
pizza,AlchTBoxForgetter,3,33,18,2,6,6,6,0,0
pizza,AlchTBoxForgetter,3,33,19,2,6,6,6,0,0
pizza,AlchTBoxForgetter,3,33,25,2,4,4,3,0,1
pizza,AlchTBoxForgetter,3,33,31,2,4,4,3,0,1
pizza,AlchTBoxForgetter,3,33,8,2,8,9,9,0,0
pizza,AlchTBoxForgetter,3,33,9,2,8,9,9,0,0
pizza,AlchTBoxForgetter,3,34,4,2,5,5,4,0,1
pizza,AlchTBoxForgetter,3,34,21,2,7,8,8,0,0
pizza,AlchTBoxForgetter,3,34,20,2,5,6,4,0,1
pizza,AlchTBoxForgetter,3,34,5,2,5,6,4,0,1
pizza,AlchTBoxForgetter,3,34,7,2,7,8,8,0,0
pizza,AlchTBoxForgetter,3,34,22,2,3,3,2,0,1
pizza,AlchTBoxForgetter,3,34,23,2,3,3,2,0,1
pizza,AlchTBoxForgetter,3,34,6,2,7,8,8,0,0
pizza,AlchTBoxForgetter,3,34,2,2,5,5,5,0,0
pizza,AlchTBoxForgetter,3,34,27,2,3,3,2,0,1
pizza,AlchTBoxForgetter,3,34,26,2,3,3,2,0,1
pizza,AlchTBoxForgetter,3,34,32,2,3,3,2,0,1
pizza,AlchTBoxForgetter,3,34,3,2,5,5,5,0,0
pizza,AlchTBoxForgetter,3,34,1,2,3,3,2,0,1
pizza,AlchTBoxForgetter,3,34,18,2,5,5,5,0,0
pizza,AlchTBoxForgetter,3,34,24,2,3,3,2,0,1
pizza,AlchTBoxForgetter,3,34,30,2,3,3,2,0,1
pizza,AlchTBoxForgetter,3,34,31,2,3,3,2,0,1
pizza,AlchTBoxForgetter,3,34,25,2,3,3,2,0,1
pizza,AlchTBoxForgetter,3,34,19,2,5,5,5,0,0
pizza,AlchTBoxForgetter,3,34,0,2,3,2,2,0,1
pizza,AlchTBoxForgetter,3,34,14,2,5,6,4,0,1
pizza,AlchTBoxForgetter,3,34,28,2,3,3,2,0,1
pizza,AlchTBoxForgetter,3,34,29,2,3,3,2,0,1
pizza,AlchTBoxForgetter,3,34,15,2,7,7,7,0,0
pizza,AlchTBoxForgetter,3,34,17,2,5,5,5,0,0
pizza,AlchTBoxForgetter,3,34,16,2,5,5,5,0,0
pizza,AlchTBoxForgetter,3,34,12,2,5,6,4,0,1
pizza,AlchTBoxForgetter,3,34,13,2,5,6,4,0,1
pizza,AlchTBoxForgetter,3,34,8,2,7,8,8,0,0
pizza,AlchTBoxForgetter,3,34,11,2,5,6,4,0,1
pizza,AlchTBoxForgetter,3,34,10,2,7,8,8,0,0
pizza,AlchTBoxForgetter,3,34,9,2,7,8,8,0,0
pizza,AlchTBoxForgetter,3,36,0,2,1,0,0,0,1
pizza,AlchTBoxForgetter,3,37,0,2,6,7,6,3,1
pizza,AlchTBoxForgetter,3,37,1,2,5,6,6,0,0
pizza,AlchTBoxForgetter,3,38,0,2,2,1,1,0,1
pizza,AlchTBoxForgetter,3,38,1,2,2,2,1,0,1
pizza,AlchTBoxForgetter,3,38,3,2,2,2,1,0,1
pizza,AlchTBoxForgetter,3,38,2,2,2,2,1,0,1
pizza,AlchTBoxForgetter,3,38,6,2,2,2,1,0,1
pizza,AlchTBoxForgetter,3,38,5,2,2,2,1,0,1
pizza,AlchTBoxForgetter,3,38,4,2,2,2,1,0,1
pizza,AlchTBoxForgetter,3,39,3,2,8,9,9,2,1
pizza,AlchTBoxForgetter,3,39,2,2,7,8,8,2,0
pizza,AlchTBoxForgetter,3,39,0,2,7,8,8,1,0
pizza,AlchTBoxForgetter,3,39,1,2,6,7,7,1,0
pizza,AlchTBoxForgetter,3,40,0,2,6,7,7,0,0
pizza,AlchTBoxForgetter,3,40,1,2,5,6,6,0,0
pizza,AlchTBoxForgetter,3,40,3,2,7,8,8,1,1
pizza,AlchTBoxForgetter,3,40,2,2,6,7,7,0,0
pizza,AlchTBoxForgetter,3,41,0,2,4,3,3,0,1
pizza,AlchTBoxForgetter,3,42,0,2,3,2,2,0,1
pizza,AlchTBoxForgetter,3,43,0,2,1,0,0,0,1
pizza,AlchTBoxForgetter,3,44,0,2,2,1,1,0,1
pizza,AlchTBoxForgetter,3,45,0,2,4,4,4,2,1
pizza,AlchTBoxForgetter,3,46,0,2,3,7,2,5,1
pizza,AlchTBoxForgetter,3,47,0,2,4,3,3,0,1
pizza,AlchTBoxForgetter,3,48,0,2,3,2,2,0,1
pizza,AlchTBoxForgetter,3,49,0,2,2,1,1,0,1
pizza,AlchTBoxForgetter,3,50,0,2,1,0,0,0,1
pizza,AlchTBoxForgetter,3,51,0,2,3,7,2,5,1
pizza,AlchTBoxForgetter,3,52,0,2,5,5,4,1,1
pizza,AlchTBoxForgetter,3,52,1,2,4,4,4,0,0
pizza,AlchTBoxForgetter,3,53,26,2,4,4,3,0,1
pizza,AlchTBoxForgetter,3,53,32,2,4,4,3,0,1
pizza,AlchTBoxForgetter,3,53,33,2,4,4,3,0,1
pizza,AlchTBoxForgetter,3,53,27,2,4,4,3,0,1
pizza,AlchTBoxForgetter,3,53,19,2,6,6,6,0,0
pizza,AlchTBoxForgetter,3,53,31,2,4,4,3,0,1
pizza,AlchTBoxForgetter,3,53,25,2,4,4,3,0,1
pizza,AlchTBoxForgetter,3,53,24,2,8,9,9,0,0
pizza,AlchTBoxForgetter,3,53,30,2,4,4,3,0,1
pizza,AlchTBoxForgetter,3,53,18,2,6,6,6,0,0
pizza,AlchTBoxForgetter,3,53,34,2,4,4,3,0,1
pizza,AlchTBoxForgetter,3,53,20,2,6,6,6,0,0
pizza,AlchTBoxForgetter,3,53,21,2,6,6,6,0,0
pizza,AlchTBoxForgetter,3,53,35,2,4,4,3,0,1
pizza,AlchTBoxForgetter,3,53,23,2,6,7,5,0,1
pizza,AlchTBoxForgetter,3,53,37,2,4,4,3,0,1
pizza,AlchTBoxForgetter,3,53,36,2,4,4,3,0,1
pizza,AlchTBoxForgetter,3,53,22,2,6,6,6,0,0
pizza,AlchTBoxForgetter,3,53,3,2,6,6,6,0,0
pizza,AlchTBoxForgetter,3,53,2,2,6,6,6,0,0
pizza,AlchTBoxForgetter,3,53,0,2,4,3,3,0,1
pizza,AlchTBoxForgetter,3,53,1,2,4,4,3,0,1
pizza,AlchTBoxForgetter,3,53,5,2,6,7,5,0,1
pizza,AlchTBoxForgetter,3,53,4,2,6,6,5,0,1
pizza,AlchTBoxForgetter,3,53,6,2,8,9,9,0,0
pizza,AlchTBoxForgetter,3,53,7,2,8,9,9,0,0
pizza,AlchTBoxForgetter,3,53,9,2,8,9,9,0,0
pizza,AlchTBoxForgetter,3,53,8,2,8,9,9,0,0
pizza,AlchTBoxForgetter,3,53,13,2,6,7,5,0,1
pizza,AlchTBoxForgetter,3,53,12,2,6,7,5,0,1
pizza,AlchTBoxForgetter,3,53,10,2,8,9,9,0,0
pizza,AlchTBoxForgetter,3,53,11,2,8,9,9,0,0
pizza,AlchTBoxForgetter,3,53,15,2,6,7,5,0,1
pizza,AlchTBoxForgetter,3,53,29,2,4,4,3,0,1
pizza,AlchTBoxForgetter,3,53,28,2,4,4,3,0,1
pizza,AlchTBoxForgetter,3,53,14,2,6,7,5,0,1
pizza,AlchTBoxForgetter,3,53,16,2,6,7,5,0,1
pizza,AlchTBoxForgetter,3,53,17,2,8,8,8,0,0
pizza,AlchTBoxForgetter,3,54,6,2,7,8,8,0,0
pizza,AlchTBoxForgetter,3,54,13,2,5,6,4,0,1
pizza,AlchTBoxForgetter,3,54,12,2,5,6,4,0,1
pizza,AlchTBoxForgetter,3,54,7,2,7,8,8,0,0
pizza,AlchTBoxForgetter,3,54,5,2,5,6,4,0,1
pizza,AlchTBoxForgetter,3,54,10,2,7,8,8,0,0
pizza,AlchTBoxForgetter,3,54,11,2,7,8,8,0,0
pizza,AlchTBoxForgetter,3,54,4,2,5,5,4,0,1
pizza,AlchTBoxForgetter,3,54,0,2,3,2,2,0,1
pizza,AlchTBoxForgetter,3,54,29,2,3,3,2,0,1
pizza,AlchTBoxForgetter,3,54,15,2,5,6,4,0,1
pizza,AlchTBoxForgetter,3,54,14,2,5,6,4,0,1
pizza,AlchTBoxForgetter,3,54,28,2,3,3,2,0,1
pizza,AlchTBoxForgetter,3,54,1,2,3,3,2,0,1
pizza,AlchTBoxForgetter,3,54,3,2,5,5,5,0,0
pizza,AlchTBoxForgetter,3,54,16,2,5,6,4,0,1
pizza,AlchTBoxForgetter,3,54,17,2,7,7,7,0,0
pizza,AlchTBoxForgetter,3,54,2,2,5,5,5,0,0
pizza,AlchTBoxForgetter,3,54,32,2,3,3,2,0,1
pizza,AlchTBoxForgetter,3,54,26,2,3,3,2,0,1
pizza,AlchTBoxForgetter,3,54,27,2,3,3,2,0,1
pizza,AlchTBoxForgetter,3,54,33,2,3,3,2,0,1
pizza,AlchTBoxForgetter,3,54,25,2,3,3,2,0,1
pizza,AlchTBoxForgetter,3,54,31,2,3,3,2,0,1
pizza,AlchTBoxForgetter,3,54,19,2,5,5,5,0,0
pizza,AlchTBoxForgetter,3,54,18,2,5,5,5,0,0
pizza,AlchTBoxForgetter,3,54,30,2,3,3,2,0,1
pizza,AlchTBoxForgetter,3,54,24,2,7,8,8,0,0
pizza,AlchTBoxForgetter,3,54,9,2,7,8,8,0,0
pizza,AlchTBoxForgetter,3,54,20,2,5,5,5,0,0
pizza,AlchTBoxForgetter,3,54,34,2,3,3,2,0,1
pizza,AlchTBoxForgetter,3,54,35,2,3,3,2,0,1
pizza,AlchTBoxForgetter,3,54,21,2,5,5,5,0,0
pizza,AlchTBoxForgetter,3,54,8,2,7,8,8,0,0
pizza,AlchTBoxForgetter,3,54,37,2,3,3,2,0,1
pizza,AlchTBoxForgetter,3,54,23,2,5,6,4,0,1
pizza,AlchTBoxForgetter,3,54,22,2,5,5,5,0,0
pizza,AlchTBoxForgetter,3,54,36,2,3,3,2,0,1
pizza,AlchTBoxForgetter,3,56,1,2,4,4,4,0,0
pizza,AlchTBoxForgetter,3,56,0,2,5,5,5,1,1
pizza,AlchTBoxForgetter,3,57,0,2,1,0,0,0,1
pizza,AlchTBoxForgetter,3,58,2,2,5,6,6,0,0
pizza,AlchTBoxForgetter,3,58,3,2,5,6,6,0,0
pizza,AlchTBoxForgetter,3,58,1,2,6,7,5,3,1
pizza,AlchTBoxForgetter,3,58,0,2,6,7,6,3,1
pizza,AlchTBoxForgetter,3,59,1,2,2,2,1,0,1
pizza,AlchTBoxForgetter,3,59,0,2,2,1,1,0,1
pizza,AlchTBoxForgetter,3,59,2,2,2,2,1,0,1
pizza,AlchTBoxForgetter,3,59,3,2,2,2,1,0,1
pizza,AlchTBoxForgetter,3,59,7,2,2,2,1,0,1
pizza,AlchTBoxForgetter,3,59,6,2,2,2,1,0,1
pizza,AlchTBoxForgetter,3,59,4,2,2,2,1,0,1
pizza,AlchTBoxForgetter,3,59,5,2,2,2,1,0,1
pizza,AlchTBoxForgetter,3,60,3,2,4,4,4,0,0
pizza,AlchTBoxForgetter,3,60,2,2,4,4,4,0,0
pizza,AlchTBoxForgetter,3,60,0,2,5,5,5,1,1
pizza,AlchTBoxForgetter,3,60,1,2,5,5,4,1,1
pizza,AlchTBoxForgetter,3,61,9,2,6,7,5,0,1
pizza,AlchTBoxForgetter,3,61,8,2,8,9,9,0,0
pizza,AlchTBoxForgetter,3,61,20,2,4,4,3,0,1
pizza,AlchTBoxForgetter,3,61,21,2,4,4,3,0,1
pizza,AlchTBoxForgetter,3,61,22,2,4,4,3,0,1
pizza,AlchTBoxForgetter,3,61,19,2,4,4,3,0,1
pizza,AlchTBoxForgetter,3,61,18,2,8,9,9,0,0
pizza,AlchTBoxForgetter,3,61,15,2,4,4,3,0,1
pizza,AlchTBoxForgetter,3,61,14,2,4,4,3,0,1
pizza,AlchTBoxForgetter,3,61,16,2,6,7,5,0,1
pizza,AlchTBoxForgetter,3,61,17,2,6,6,6,0,0
pizza,AlchTBoxForgetter,3,61,13,2,8,9,9,0,0
pizza,AlchTBoxForgetter,3,61,12,2,6,7,5,0,1
pizza,AlchTBoxForgetter,3,61,10,2,8,8,8,0,0
pizza,AlchTBoxForgetter,3,61,11,2,6,6,6,0,0
pizza,AlchTBoxForgetter,3,61,6,2,6,7,5,0,1
pizza,AlchTBoxForgetter,3,61,7,2,8,9,9,0,0
pizza,AlchTBoxForgetter,3,61,5,2,6,6,5,0,1
pizza,AlchTBoxForgetter,3,61,4,2,6,6,6,0,0
pizza,AlchTBoxForgetter,3,61,0,2,4,3,3,0,1
pizza,AlchTBoxForgetter,3,61,1,2,4,4,3,0,1
pizza,AlchTBoxForgetter,3,61,3,2,6,6,6,0,0
pizza,AlchTBoxForgetter,3,61,2,2,4,4,3,0,1
pizza,AlchTBoxForgetter,3,62,12,2,5,6,4,0,1
pizza,AlchTBoxForgetter,3,62,13,2,7,8,8,0,0
pizza,AlchTBoxForgetter,3,62,11,2,5,5,5,0,0
pizza,AlchTBoxForgetter,3,62,10,2,7,7,7,0,0
pizza,AlchTBoxForgetter,3,62,14,2,3,3,2,0,1
pizza,AlchTBoxForgetter,3,62,15,2,3,3,2,0,1
pizza,AlchTBoxForgetter,3,62,17,2,5,5,5,0,0
pizza,AlchTBoxForgetter,3,62,16,2,5,6,4,0,1
pizza,AlchTBoxForgetter,3,62,8,2,7,8,8,0,0
pizza,AlchTBoxForgetter,3,62,9,2,5,6,4,0,1
pizza,AlchTBoxForgetter,3,62,7,2,7,8,8,0,0
pizza,AlchTBoxForgetter,3,62,6,2,5,6,4,0,1
pizza,AlchTBoxForgetter,3,62,4,2,5,5,5,0,0
pizza,AlchTBoxForgetter,3,62,5,2,5,5,4,0,1
pizza,AlchTBoxForgetter,3,62,1,2,3,3,2,0,1
pizza,AlchTBoxForgetter,3,62,0,2,3,2,2,0,1
pizza,AlchTBoxForgetter,3,62,2,2,3,3,2,0,1
pizza,AlchTBoxForgetter,3,62,3,2,5,5,5,0,0
pizza,AlchTBoxForgetter,3,62,18,2,7,8,8,0,0
pizza,AlchTBoxForgetter,3,62,19,2,3,3,2,0,1
pizza,AlchTBoxForgetter,3,62,21,2,3,3,2,0,1
pizza,AlchTBoxForgetter,3,62,20,2,3,3,2,0,1
pizza,AlchTBoxForgetter,3,62,22,2,3,3,2,0,1
pizza,AlchTBoxForgetter,3,63,2,2,11,18,18,32,0
pizza,AlchTBoxForgetter,3,63,3,2,12,19,19,32,0
pizza,AlchTBoxForgetter,3,63,1,2,10,17,17,32,0
pizza,AlchTBoxForgetter,3,63,0,2,11,18,18,32,0
pizza,AlchTBoxForgetter,3,64,0,2,1,0,0,0,1
pizza,AlchTBoxForgetter,3,65,2,2,2,2,1,0,1
pizza,AlchTBoxForgetter,3,65,3,2,2,2,1,0,1
pizza,AlchTBoxForgetter,3,65,1,2,2,2,1,0,1
pizza,AlchTBoxForgetter,3,65,0,2,2,1,1,0,1
pizza,AlchTBoxForgetter,3,65,4,2,2,2,1,0,1
pizza,AlchTBoxForgetter,3,67,9,2,11,15,9,8,1
pizza,AlchTBoxForgetter,3,67,8,2,10,14,14,4,0
pizza,AlchTBoxForgetter,3,67,0,2,10,15,15,7,0
pizza,AlchTBoxForgetter,3,67,1,2,10,14,14,5,0
pizza,AlchTBoxForgetter,3,67,3,2,11,14,14,8,0
pizza,AlchTBoxForgetter,3,67,2,2,11,14,14,8,0
pizza,AlchTBoxForgetter,3,67,6,2,10,14,14,5,0
pizza,AlchTBoxForgetter,3,67,7,2,10,14,14,4,0
pizza,AlchTBoxForgetter,3,67,5,2,11,14,14,8,0
pizza,AlchTBoxForgetter,3,67,4,2,11,14,14,8,0
pizza,AlchTBoxForgetter,3,66,3,2,9,14,14,30,0
pizza,AlchTBoxForgetter,3,66,2,2,9,14,14,30,0
pizza,AlchTBoxForgetter,3,66,0,2,9,15,14,35,1
pizza,AlchTBoxForgetter,3,66,1,2,9,14,14,25,0
pizza,AlchTBoxForgetter,3,66,4,2,9,14,14,30,0
pizza,AlchTBoxForgetter,3,68,4,2,8,12,12,0,0
pizza,AlchTBoxForgetter,3,68,3,2,8,12,12,0,0
pizza,AlchTBoxForgetter,3,68,2,2,8,12,12,0,0
pizza,AlchTBoxForgetter,3,68,0,2,8,13,7,0,1
pizza,AlchTBoxForgetter,3,68,1,2,8,12,12,0,0
pizza,AlchTBoxForgetter,3,69,0,2,3,2,2,0,1
pizza,AlchTBoxForgetter,3,70,0,2,2,1,1,0,1
pizza,AlchTBoxForgetter,3,71,0,2,1,0,0,0,1
pizza,AlchTBoxForgetter,3,72,0,2,2,6,2,0,1
pizza,AlchTBoxForgetter,3,73,0,2,1,0,0,0,1
pizza,AlchTBoxForgetter,3,74,2,2,4,3,3,0,1
pizza,AlchTBoxForgetter,3,74,0,2,3,8,8,26,0
pizza,AlchTBoxForgetter,3,74,1,2,4,3,3,0,1
pizza,AlchTBoxForgetter,3,75,0,2,3,8,8,26,0
pizza,AlchTBoxForgetter,3,75,1,2,3,2,2,0,1
pizza,AlchTBoxForgetter,3,75,2,2,3,2,2,0,1
pizza,AlchTBoxForgetter,3,76,0,2,3,8,8,26,0
pizza,AlchTBoxForgetter,3,77,0,2,3,8,8,26,0
pizza,AlchTBoxForgetter,3,78,0,2,3,8,8,26,0
pizza,AlchTBoxForgetter,3,79,0,2,3,8,8,26,0
pizza,AlchTBoxForgetter,3,80,0,2,3,8,8,26,0
pizza,AlchTBoxForgetter,3,80,1,2,3,7,2,5,1
pizza,AlchTBoxForgetter,3,80,2,2,3,7,2,5,1
pizza,AlchTBoxForgetter,3,81,0,2,4,3,3,0,1
pizza,AlchTBoxForgetter,3,82,0,2,3,2,2,0,1
pizza,AlchTBoxForgetter,3,83,0,2,1,0,0,0,1
pizza,AlchTBoxForgetter,3,84,0,2,2,1,1,0,1
pizza,AlchTBoxForgetter,3,85,0,2,3,2,2,0,1
pizza,AlchTBoxForgetter,3,86,0,2,2,1,1,0,1
pizza,AlchTBoxForgetter,3,87,0,2,1,0,0,0,1
pizza,AlchTBoxForgetter,3,88,0,2,5,5,5,1,1
pizza,AlchTBoxForgetter,3,88,1,2,5,5,4,1,1
pizza,AlchTBoxForgetter,3,88,3,2,4,4,4,0,0
pizza,AlchTBoxForgetter,3,88,2,2,4,4,4,0,0
pizza,AlchTBoxForgetter,3,89,3,2,6,6,6,0,0
pizza,AlchTBoxForgetter,3,89,2,2,6,6,6,0,0
pizza,AlchTBoxForgetter,3,89,0,2,4,3,3,0,1
pizza,AlchTBoxForgetter,3,89,1,2,4,4,3,0,1
pizza,AlchTBoxForgetter,3,89,5,2,6,7,5,0,1
pizza,AlchTBoxForgetter,3,89,4,2,6,6,5,0,1
pizza,AlchTBoxForgetter,3,89,6,2,8,9,9,0,0
pizza,AlchTBoxForgetter,3,89,7,2,8,9,9,0,0
pizza,AlchTBoxForgetter,3,89,13,2,6,7,5,0,1
pizza,AlchTBoxForgetter,3,89,12,2,6,7,5,0,1
pizza,AlchTBoxForgetter,3,89,10,2,8,9,9,0,0
pizza,AlchTBoxForgetter,3,89,11,2,6,7,5,0,1
pizza,AlchTBoxForgetter,3,89,29,2,4,4,3,0,1
pizza,AlchTBoxForgetter,3,89,15,2,8,8,8,0,0
pizza,AlchTBoxForgetter,3,89,14,2,6,7,5,0,1
pizza,AlchTBoxForgetter,3,89,28,2,4,4,3,0,1
pizza,AlchTBoxForgetter,3,89,16,2,6,6,6,0,0
pizza,AlchTBoxForgetter,3,89,17,2,6,6,6,0,0
pizza,AlchTBoxForgetter,3,89,26,2,4,4,3,0,1
pizza,AlchTBoxForgetter,3,89,32,2,4,4,3,0,1
pizza,AlchTBoxForgetter,3,89,27,2,4,4,3,0,1
pizza,AlchTBoxForgetter,3,89,31,2,4,4,3,0,1
pizza,AlchTBoxForgetter,3,89,25,2,4,4,3,0,1
pizza,AlchTBoxForgetter,3,89,19,2,6,6,6,0,0
pizza,AlchTBoxForgetter,3,89,18,2,6,6,6,0,0
pizza,AlchTBoxForgetter,3,89,24,2,4,4,3,0,1
pizza,AlchTBoxForgetter,3,89,30,2,4,4,3,0,1
pizza,AlchTBoxForgetter,3,89,20,2,6,7,5,0,1
pizza,AlchTBoxForgetter,3,89,21,2,8,9,9,0,0
pizza,AlchTBoxForgetter,3,89,23,2,4,4,3,0,1
pizza,AlchTBoxForgetter,3,89,22,2,4,4,3,0,1
pizza,AlchTBoxForgetter,3,89,9,2,8,9,9,0,0
pizza,AlchTBoxForgetter,3,89,8,2,8,9,9,0,0
pizza,AlchTBoxForgetter,3,90,2,2,5,5,5,0,0
pizza,AlchTBoxForgetter,3,90,3,2,5,5,5,0,0
pizza,AlchTBoxForgetter,3,90,1,2,3,3,2,0,1
pizza,AlchTBoxForgetter,3,90,0,2,3,2,2,0,1
pizza,AlchTBoxForgetter,3,90,4,2,5,5,4,0,1
pizza,AlchTBoxForgetter,3,90,5,2,5,6,4,0,1
pizza,AlchTBoxForgetter,3,90,7,2,7,8,8,0,0
pizza,AlchTBoxForgetter,3,90,6,2,7,8,8,0,0
pizza,AlchTBoxForgetter,3,90,32,2,3,3,2,0,1
pizza,AlchTBoxForgetter,3,90,26,2,3,3,2,0,1
pizza,AlchTBoxForgetter,3,90,27,2,3,3,2,0,1
pizza,AlchTBoxForgetter,3,90,25,2,3,3,2,0,1
pizza,AlchTBoxForgetter,3,90,31,2,3,3,2,0,1
pizza,AlchTBoxForgetter,3,90,19,2,5,5,5,0,0
pizza,AlchTBoxForgetter,3,90,18,2,5,5,5,0,0
pizza,AlchTBoxForgetter,3,90,30,2,3,3,2,0,1
pizza,AlchTBoxForgetter,3,90,24,2,3,3,2,0,1
pizza,AlchTBoxForgetter,3,90,20,2,5,6,4,0,1
pizza,AlchTBoxForgetter,3,90,21,2,7,8,8,0,0
pizza,AlchTBoxForgetter,3,90,23,2,3,3,2,0,1
pizza,AlchTBoxForgetter,3,90,22,2,3,3,2,0,1
pizza,AlchTBoxForgetter,3,90,13,2,5,6,4,0,1
pizza,AlchTBoxForgetter,3,90,12,2,5,6,4,0,1
pizza,AlchTBoxForgetter,3,90,10,2,7,8,8,0,0
pizza,AlchTBoxForgetter,3,90,11,2,5,6,4,0,1
pizza,AlchTBoxForgetter,3,90,29,2,3,3,2,0,1
pizza,AlchTBoxForgetter,3,90,15,2,7,7,7,0,0
pizza,AlchTBoxForgetter,3,90,14,2,5,6,4,0,1
pizza,AlchTBoxForgetter,3,90,28,2,3,3,2,0,1
pizza,AlchTBoxForgetter,3,90,16,2,5,5,5,0,0
pizza,AlchTBoxForgetter,3,90,17,2,5,5,5,0,0
pizza,AlchTBoxForgetter,3,90,8,2,7,8,8,0,0
pizza,AlchTBoxForgetter,3,90,9,2,7,8,8,0,0
pizza,AlchTBoxForgetter,3,92,0,2,1,0,0,0,1
pizza,AlchTBoxForgetter,3,93,3,2,2,2,1,0,1
pizza,AlchTBoxForgetter,3,93,2,2,2,2,1,0,1
pizza,AlchTBoxForgetter,3,93,0,2,2,1,1,0,1
pizza,AlchTBoxForgetter,3,93,1,2,2,2,1,0,1
pizza,AlchTBoxForgetter,3,93,5,2,2,2,1,0,1
pizza,AlchTBoxForgetter,3,93,4,2,2,2,1,0,1
pizza,AlchTBoxForgetter,3,93,6,2,2,2,1,0,1
pizza,AlchTBoxForgetter,3,94,6,2,11,16,16,55,0
pizza,AlchTBoxForgetter,3,94,5,2,11,16,16,55,0
pizza,AlchTBoxForgetter,3,94,4,2,11,16,16,54,0
pizza,AlchTBoxForgetter,3,94,0,2,11,17,16,55,1
pizza,AlchTBoxForgetter,3,94,1,2,11,16,16,47,0
pizza,AlchTBoxForgetter,3,95,5,2,13,16,16,10,0
pizza,AlchTBoxForgetter,3,95,4,2,13,16,16,10,0
pizza,AlchTBoxForgetter,3,95,6,2,13,16,16,10,0
pizza,AlchTBoxForgetter,3,95,7,2,13,16,16,10,0
pizza,AlchTBoxForgetter,3,95,10,2,12,16,16,7,0
pizza,AlchTBoxForgetter,3,95,3,2,13,16,16,10,0
pizza,AlchTBoxForgetter,3,95,2,2,13,16,16,10,0
pizza,AlchTBoxForgetter,3,95,11,2,12,16,16,7,0
pizza,AlchTBoxForgetter,3,95,13,2,13,17,10,10,1
pizza,AlchTBoxForgetter,3,95,0,2,12,17,17,7,0
pizza,AlchTBoxForgetter,3,95,1,2,12,16,16,7,0
pizza,AlchTBoxForgetter,3,95,12,2,12,16,16,7,0
pizza,AlchTBoxForgetter,3,95,9,2,12,16,16,7,0
pizza,AlchTBoxForgetter,3,95,8,2,12,16,16,7,0
pizza,AlchTBoxForgetter,3,96,4,2,10,14,14,0,0
pizza,AlchTBoxForgetter,3,96,5,2,10,14,14,0,0
pizza,AlchTBoxForgetter,3,96,6,2,10,14,14,0,0
pizza,AlchTBoxForgetter,3,96,2,2,10,14,14,0,0
pizza,AlchTBoxForgetter,3,96,3,2,10,14,14,0,0
pizza,AlchTBoxForgetter,3,96,1,2,10,14,14,0,0
pizza,AlchTBoxForgetter,3,96,0,2,10,15,8,0,1
pizza,AlchTBoxForgetter,3,97,0,2,3,2,2,0,1
pizza,AlchTBoxForgetter,3,98,0,2,2,1,1,0,1
pizza,AlchTBoxForgetter,3,99,0,2,1,0,0,0,1
pizza,AlchTBoxForgetter,3,100,0,2,1,0,0,0,1
pizza,AlchTBoxForgetter,3,101,0,2,1,0,0,0,1
pizza,AlchTBoxForgetter,3,102,0,2,4,3,3,0,1
pizza,AlchTBoxForgetter,3,103,0,2,3,2,2,0,1
pizza,AlchTBoxForgetter,3,104,0,2,2,1,1,0,1
pizza,AlchTBoxForgetter,3,105,0,2,3,7,2,5,1
pizza,AlchTBoxForgetter,3,106,1,2,4,4,4,0,0
pizza,AlchTBoxForgetter,3,106,0,2,5,5,4,1,1
pizza,AlchTBoxForgetter,3,107,14,2,6,7,5,0,1
pizza,AlchTBoxForgetter,3,107,28,2,4,4,3,0,1
pizza,AlchTBoxForgetter,3,107,29,2,4,4,3,0,1
pizza,AlchTBoxForgetter,3,107,15,2,6,7,5,0,1
pizza,AlchTBoxForgetter,3,107,17,2,8,8,8,0,0
pizza,AlchTBoxForgetter,3,107,16,2,6,7,5,0,1
pizza,AlchTBoxForgetter,3,107,12,2,6,7,5,0,1
pizza,AlchTBoxForgetter,3,107,13,2,6,7,5,0,1
pizza,AlchTBoxForgetter,3,107,11,2,8,9,9,0,0
pizza,AlchTBoxForgetter,3,107,10,2,8,9,9,0,0
pizza,AlchTBoxForgetter,3,107,2,2,6,6,6,0,0
pizza,AlchTBoxForgetter,3,107,3,2,6,6,6,0,0
pizza,AlchTBoxForgetter,3,107,1,2,4,4,3,0,1
pizza,AlchTBoxForgetter,3,107,0,2,4,3,3,0,1
pizza,AlchTBoxForgetter,3,107,4,2,6,6,5,0,1
pizza,AlchTBoxForgetter,3,107,5,2,6,7,5,0,1
pizza,AlchTBoxForgetter,3,107,7,2,8,9,9,0,0
pizza,AlchTBoxForgetter,3,107,6,2,8,9,9,0,0
pizza,AlchTBoxForgetter,3,107,8,2,8,9,9,0,0
pizza,AlchTBoxForgetter,3,107,9,2,8,9,9,0,0
pizza,AlchTBoxForgetter,3,107,35,2,4,4,3,0,1
pizza,AlchTBoxForgetter,3,107,21,2,6,6,6,0,0
pizza,AlchTBoxForgetter,3,107,20,2,6,6,6,0,0
pizza,AlchTBoxForgetter,3,107,34,2,4,4,3,0,1
pizza,AlchTBoxForgetter,3,107,22,2,6,6,6,0,0
pizza,AlchTBoxForgetter,3,107,36,2,4,4,3,0,1
pizza,AlchTBoxForgetter,3,107,37,2,4,4,3,0,1
pizza,AlchTBoxForgetter,3,107,23,2,6,7,5,0,1
pizza,AlchTBoxForgetter,3,107,27,2,4,4,3,0,1
pizza,AlchTBoxForgetter,3,107,33,2,4,4,3,0,1
pizza,AlchTBoxForgetter,3,107,32,2,4,4,3,0,1
pizza,AlchTBoxForgetter,3,107,26,2,4,4,3,0,1
pizza,AlchTBoxForgetter,3,107,18,2,6,6,6,0,0
pizza,AlchTBoxForgetter,3,107,30,2,4,4,3,0,1
pizza,AlchTBoxForgetter,3,107,24,2,8,9,9,0,0
pizza,AlchTBoxForgetter,3,107,25,2,4,4,3,0,1
pizza,AlchTBoxForgetter,3,107,31,2,4,4,3,0,1
pizza,AlchTBoxForgetter,3,107,19,2,6,6,6,0,0
pizza,AlchTBoxForgetter,3,108,8,2,7,8,8,0,0
pizza,AlchTBoxForgetter,3,108,9,2,7,8,8,0,0
pizza,AlchTBoxForgetter,3,108,32,2,3,3,2,0,1
pizza,AlchTBoxForgetter,3,108,26,2,3,3,2,0,1
pizza,AlchTBoxForgetter,3,108,27,2,3,3,2,0,1
pizza,AlchTBoxForgetter,3,108,33,2,3,3,2,0,1
pizza,AlchTBoxForgetter,3,108,25,2,3,3,2,0,1
pizza,AlchTBoxForgetter,3,108,31,2,3,3,2,0,1
pizza,AlchTBoxForgetter,3,108,19,2,5,5,5,0,0
pizza,AlchTBoxForgetter,3,108,18,2,5,5,5,0,0
pizza,AlchTBoxForgetter,3,108,30,2,3,3,2,0,1
pizza,AlchTBoxForgetter,3,108,24,2,7,8,8,0,0
pizza,AlchTBoxForgetter,3,108,20,2,5,5,5,0,0
pizza,AlchTBoxForgetter,3,108,34,2,3,3,2,0,1
pizza,AlchTBoxForgetter,3,108,35,2,3,3,2,0,1
pizza,AlchTBoxForgetter,3,108,21,2,5,5,5,0,0
pizza,AlchTBoxForgetter,3,108,37,2,3,3,2,0,1
pizza,AlchTBoxForgetter,3,108,23,2,5,6,4,0,1
pizza,AlchTBoxForgetter,3,108,22,2,5,5,5,0,0
pizza,AlchTBoxForgetter,3,108,36,2,3,3,2,0,1
pizza,AlchTBoxForgetter,3,108,13,2,5,6,4,0,1
pizza,AlchTBoxForgetter,3,108,12,2,5,6,4,0,1
pizza,AlchTBoxForgetter,3,108,10,2,7,8,8,0,0
pizza,AlchTBoxForgetter,3,108,11,2,7,8,8,0,0
pizza,AlchTBoxForgetter,3,108,29,2,3,3,2,0,1
pizza,AlchTBoxForgetter,3,108,15,2,5,6,4,0,1
pizza,AlchTBoxForgetter,3,108,14,2,5,6,4,0,1
pizza,AlchTBoxForgetter,3,108,28,2,3,3,2,0,1
pizza,AlchTBoxForgetter,3,108,16,2,5,6,4,0,1
pizza,AlchTBoxForgetter,3,108,17,2,7,7,7,0,0
pizza,AlchTBoxForgetter,3,108,7,2,7,8,8,0,0
pizza,AlchTBoxForgetter,3,108,6,2,7,8,8,0,0
pizza,AlchTBoxForgetter,3,108,4,2,5,5,4,0,1
pizza,AlchTBoxForgetter,3,108,5,2,5,6,4,0,1
pizza,AlchTBoxForgetter,3,108,1,2,3,3,2,0,1
pizza,AlchTBoxForgetter,3,108,0,2,3,2,2,0,1
pizza,AlchTBoxForgetter,3,108,2,2,5,5,5,0,0
pizza,AlchTBoxForgetter,3,108,3,2,5,5,5,0,0
pizza,AlchTBoxForgetter,3,110,0,2,5,5,5,1,1
pizza,AlchTBoxForgetter,3,110,1,2,4,4,4,0,0
pizza,AlchTBoxForgetter,3,111,0,2,1,0,0,0,1
pizza,AlchTBoxForgetter,3,112,1,2,6,7,5,3,1
pizza,AlchTBoxForgetter,3,112,0,2,6,7,6,3,1
pizza,AlchTBoxForgetter,3,112,2,2,5,6,6,0,0
pizza,AlchTBoxForgetter,3,112,3,2,5,6,6,0,0
pizza,AlchTBoxForgetter,3,113,4,2,2,2,1,0,1
pizza,AlchTBoxForgetter,3,113,5,2,2,2,1,0,1
pizza,AlchTBoxForgetter,3,113,7,2,2,2,1,0,1
pizza,AlchTBoxForgetter,3,113,6,2,2,2,1,0,1
pizza,AlchTBoxForgetter,3,113,2,2,2,2,1,0,1
pizza,AlchTBoxForgetter,3,113,3,2,2,2,1,0,1
pizza,AlchTBoxForgetter,3,113,1,2,2,2,1,0,1
pizza,AlchTBoxForgetter,3,113,0,2,2,1,1,0,1
pizza,AlchTBoxForgetter,3,114,0,2,3,2,2,0,1
pizza,AlchTBoxForgetter,3,115,0,2,2,1,1,0,1
pizza,AlchTBoxForgetter,3,116,0,2,1,0,0,0,1
pizza,AlchTBoxForgetter,3,117,0,2,2,6,2,0,1
pizza,AlchTBoxForgetter,3,118,5,2,6,7,5,0,1
pizza,AlchTBoxForgetter,3,118,4,2,6,6,5,0,1
pizza,AlchTBoxForgetter,3,118,6,2,8,9,9,0,0
pizza,AlchTBoxForgetter,3,118,7,2,8,9,9,0,0
pizza,AlchTBoxForgetter,3,118,3,2,6,6,6,0,0
pizza,AlchTBoxForgetter,3,118,2,2,6,6,6,0,0
pizza,AlchTBoxForgetter,3,118,0,2,4,3,3,0,1
pizza,AlchTBoxForgetter,3,118,1,2,4,4,3,0,1
pizza,AlchTBoxForgetter,3,118,16,2,4,4,3,0,1
pizza,AlchTBoxForgetter,3,118,17,2,4,4,3,0,1
pizza,AlchTBoxForgetter,3,118,15,2,4,4,3,0,1
pizza,AlchTBoxForgetter,3,118,14,2,4,4,3,0,1
pizza,AlchTBoxForgetter,3,118,10,2,6,6,6,0,0
pizza,AlchTBoxForgetter,3,118,11,2,6,7,5,0,1
pizza,AlchTBoxForgetter,3,118,13,2,4,4,3,0,1
pizza,AlchTBoxForgetter,3,118,9,2,8,8,8,0,0
pizza,AlchTBoxForgetter,3,118,8,2,6,7,5,0,1
pizza,AlchTBoxForgetter,3,118,12,2,8,9,9,0,0
pizza,AlchTBoxForgetter,3,119,6,2,7,8,8,0,0
pizza,AlchTBoxForgetter,3,119,14,2,3,3,2,0,1
pizza,AlchTBoxForgetter,3,119,15,2,3,3,2,0,1
pizza,AlchTBoxForgetter,3,119,7,2,7,8,8,0,0
pizza,AlchTBoxForgetter,3,119,5,2,5,6,4,0,1
pizza,AlchTBoxForgetter,3,119,17,2,3,3,2,0,1
pizza,AlchTBoxForgetter,3,119,16,2,3,3,2,0,1
pizza,AlchTBoxForgetter,3,119,4,2,5,5,4,0,1
pizza,AlchTBoxForgetter,3,119,0,2,3,2,2,0,1
pizza,AlchTBoxForgetter,3,119,12,2,7,8,8,0,0
pizza,AlchTBoxForgetter,3,119,13,2,3,3,2,0,1
pizza,AlchTBoxForgetter,3,119,1,2,3,3,2,0,1
pizza,AlchTBoxForgetter,3,119,3,2,5,5,5,0,0
pizza,AlchTBoxForgetter,3,119,11,2,5,6,4,0,1
pizza,AlchTBoxForgetter,3,119,10,2,5,5,5,0,0
pizza,AlchTBoxForgetter,3,119,2,2,5,5,5,0,0
pizza,AlchTBoxForgetter,3,119,9,2,7,7,7,0,0
pizza,AlchTBoxForgetter,3,119,8,2,5,6,4,0,1
pizza,AlchTBoxForgetter,3,120,2,2,14,19,19,24,0
pizza,AlchTBoxForgetter,3,120,3,2,13,18,18,24,0
pizza,AlchTBoxForgetter,3,120,1,2,14,30,30,101,0
pizza,AlchTBoxForgetter,3,120,0,2,11,26,26,100,0
pizza,AlchTBoxForgetter,3,120,4,2,13,29,29,101,0
pizza,AlchTBoxForgetter,3,120,5,2,14,19,19,29,0
pizza,AlchTBoxForgetter,3,120,7,2,10,25,25,100,0
pizza,AlchTBoxForgetter,3,120,6,2,13,18,18,29,0
pizza,AlchTBoxForgetter,3,121,0,2,1,0,0,0,1
pizza,AlchTBoxForgetter,3,122,0,2,6,7,5,3,1
pizza,AlchTBoxForgetter,3,122,1,2,5,6,6,0,0
pizza,AlchTBoxForgetter,3,123,3,2,2,2,1,0,1
pizza,AlchTBoxForgetter,3,123,2,2,2,2,1,0,1
pizza,AlchTBoxForgetter,3,123,0,2,2,1,1,0,1
pizza,AlchTBoxForgetter,3,123,1,2,2,2,1,0,1
pizza,AlchTBoxForgetter,3,124,0,2,4,3,3,0,1
pizza,AlchTBoxForgetter,3,125,0,2,3,2,2,0,1
pizza,AlchTBoxForgetter,3,126,0,2,2,1,1,0,1
pizza,AlchTBoxForgetter,3,127,0,2,1,0,0,0,1
pizza,AlchTBoxForgetter,3,128,0,2,3,7,2,5,1
pizza,AlchTBoxForgetter,3,129,1,2,4,4,4,0,0
pizza,AlchTBoxForgetter,3,129,0,2,5,5,4,1,1
pizza,AlchTBoxForgetter,3,130,41,2,4,4,3,0,1
pizza,AlchTBoxForgetter,3,130,40,2,4,4,3,0,1
pizza,AlchTBoxForgetter,3,130,42,2,4,4,3,0,1
pizza,AlchTBoxForgetter,3,130,36,2,4,4,3,0,1
pizza,AlchTBoxForgetter,3,130,22,2,6,6,6,0,0
pizza,AlchTBoxForgetter,3,130,9,2,8,9,9,0,0
pizza,AlchTBoxForgetter,3,130,8,2,8,9,9,0,0
pizza,AlchTBoxForgetter,3,130,23,2,6,6,6,0,0
pizza,AlchTBoxForgetter,3,130,37,2,4,4,3,0,1
pizza,AlchTBoxForgetter,3,130,21,2,6,6,6,0,0
pizza,AlchTBoxForgetter,3,130,35,2,4,4,3,0,1
pizza,AlchTBoxForgetter,3,130,34,2,4,4,3,0,1
pizza,AlchTBoxForgetter,3,130,20,2,6,6,6,0,0
pizza,AlchTBoxForgetter,3,130,24,2,6,6,6,0,0
pizza,AlchTBoxForgetter,3,130,30,2,4,4,3,0,1
pizza,AlchTBoxForgetter,3,130,18,2,8,9,9,0,0
pizza,AlchTBoxForgetter,3,130,19,2,8,8,8,0,0
pizza,AlchTBoxForgetter,3,130,31,2,4,4,3,0,1
pizza,AlchTBoxForgetter,3,130,25,2,6,6,6,0,0
pizza,AlchTBoxForgetter,3,130,33,2,4,4,3,0,1
pizza,AlchTBoxForgetter,3,130,27,2,8,9,9,0,0
pizza,AlchTBoxForgetter,3,130,26,2,6,7,5,0,1
pizza,AlchTBoxForgetter,3,130,32,2,4,4,3,0,1
pizza,AlchTBoxForgetter,3,130,17,2,6,7,5,0,1
pizza,AlchTBoxForgetter,3,130,0,2,4,3,3,0,1
pizza,AlchTBoxForgetter,3,130,1,2,4,4,3,0,1
pizza,AlchTBoxForgetter,3,130,16,2,6,7,5,0,1
pizza,AlchTBoxForgetter,3,130,28,2,4,4,3,0,1
pizza,AlchTBoxForgetter,3,130,14,2,6,7,5,0,1
pizza,AlchTBoxForgetter,3,130,3,2,6,6,6,0,0
pizza,AlchTBoxForgetter,3,130,2,2,6,6,6,0,0
pizza,AlchTBoxForgetter,3,130,15,2,6,7,5,0,1
pizza,AlchTBoxForgetter,3,130,29,2,4,4,3,0,1
pizza,AlchTBoxForgetter,3,130,11,2,8,9,9,0,0
pizza,AlchTBoxForgetter,3,130,39,2,4,4,3,0,1
pizza,AlchTBoxForgetter,3,130,6,2,6,7,5,0,1
pizza,AlchTBoxForgetter,3,130,7,2,8,9,9,0,0
pizza,AlchTBoxForgetter,3,130,38,2,4,4,3,0,1
pizza,AlchTBoxForgetter,3,130,10,2,8,9,9,0,0
pizza,AlchTBoxForgetter,3,130,12,2,8,9,9,0,0
pizza,AlchTBoxForgetter,3,130,5,2,6,7,5,0,1
pizza,AlchTBoxForgetter,3,130,4,2,6,6,5,0,1
pizza,AlchTBoxForgetter,3,130,13,2,6,7,5,0,1
pizza,AlchTBoxForgetter,3,131,15,2,5,6,4,0,1
pizza,AlchTBoxForgetter,3,131,29,2,3,3,2,0,1
pizza,AlchTBoxForgetter,3,131,28,2,3,3,2,0,1
pizza,AlchTBoxForgetter,3,131,14,2,5,6,4,0,1
pizza,AlchTBoxForgetter,3,131,9,2,7,8,8,0,0
pizza,AlchTBoxForgetter,3,131,16,2,5,6,4,0,1
pizza,AlchTBoxForgetter,3,131,17,2,5,6,4,0,1
pizza,AlchTBoxForgetter,3,131,8,2,7,8,8,0,0
pizza,AlchTBoxForgetter,3,131,13,2,5,6,4,0,1
pizza,AlchTBoxForgetter,3,131,12,2,7,8,8,0,0
pizza,AlchTBoxForgetter,3,131,38,2,3,3,2,0,1
pizza,AlchTBoxForgetter,3,131,10,2,7,8,8,0,0
pizza,AlchTBoxForgetter,3,131,11,2,7,8,8,0,0
pizza,AlchTBoxForgetter,3,131,39,2,3,3,2,0,1
pizza,AlchTBoxForgetter,3,131,42,2,3,3,2,0,1
pizza,AlchTBoxForgetter,3,131,40,2,3,3,2,0,1
pizza,AlchTBoxForgetter,3,131,41,2,3,3,2,0,1
pizza,AlchTBoxForgetter,3,131,3,2,5,5,5,0,0
pizza,AlchTBoxForgetter,3,131,20,2,5,5,5,0,0
pizza,AlchTBoxForgetter,3,131,34,2,3,3,2,0,1
pizza,AlchTBoxForgetter,3,131,35,2,3,3,2,0,1
pizza,AlchTBoxForgetter,3,131,21,2,5,5,5,0,0
pizza,AlchTBoxForgetter,3,131,2,2,5,5,5,0,0
pizza,AlchTBoxForgetter,3,131,0,2,3,2,2,0,1
pizza,AlchTBoxForgetter,3,131,37,2,3,3,2,0,1
pizza,AlchTBoxForgetter,3,131,23,2,5,5,5,0,0
pizza,AlchTBoxForgetter,3,131,22,2,5,5,5,0,0
pizza,AlchTBoxForgetter,3,131,36,2,3,3,2,0,1
pizza,AlchTBoxForgetter,3,131,1,2,3,3,2,0,1
pizza,AlchTBoxForgetter,3,131,5,2,5,6,4,0,1
pizza,AlchTBoxForgetter,3,131,32,2,3,3,2,0,1
pizza,AlchTBoxForgetter,3,131,26,2,5,6,4,0,1
pizza,AlchTBoxForgetter,3,131,27,2,7,8,8,0,0
pizza,AlchTBoxForgetter,3,131,33,2,3,3,2,0,1
pizza,AlchTBoxForgetter,3,131,4,2,5,5,4,0,1
pizza,AlchTBoxForgetter,3,131,6,2,5,6,4,0,1
pizza,AlchTBoxForgetter,3,131,19,2,7,7,7,0,0
pizza,AlchTBoxForgetter,3,131,25,2,5,5,5,0,0
pizza,AlchTBoxForgetter,3,131,31,2,3,3,2,0,1
pizza,AlchTBoxForgetter,3,131,30,2,3,3,2,0,1
pizza,AlchTBoxForgetter,3,131,24,2,5,5,5,0,0
pizza,AlchTBoxForgetter,3,131,18,2,7,8,8,0,0
pizza,AlchTBoxForgetter,3,131,7,2,7,8,8,0,0
pizza,AlchTBoxForgetter,3,133,0,2,1,0,0,0,1
pizza,AlchTBoxForgetter,3,134,8,2,2,2,1,0,1
pizza,AlchTBoxForgetter,3,134,4,2,2,2,1,0,1
pizza,AlchTBoxForgetter,3,134,5,2,2,2,1,0,1
pizza,AlchTBoxForgetter,3,134,7,2,2,2,1,0,1
pizza,AlchTBoxForgetter,3,134,6,2,2,2,1,0,1
pizza,AlchTBoxForgetter,3,134,2,2,2,2,1,0,1
pizza,AlchTBoxForgetter,3,134,3,2,2,2,1,0,1
pizza,AlchTBoxForgetter,3,134,1,2,2,2,1,0,1
pizza,AlchTBoxForgetter,3,134,0,2,2,1,1,0,1
pizza,AlchTBoxForgetter,3,136,9,2,16,19,19,12,0
pizza,AlchTBoxForgetter,3,136,8,2,16,19,19,12,0
pizza,AlchTBoxForgetter,3,136,6,2,16,19,19,12,0
pizza,AlchTBoxForgetter,3,136,7,2,16,19,19,12,0
pizza,AlchTBoxForgetter,3,136,5,2,16,19,19,12,0
pizza,AlchTBoxForgetter,3,136,4,2,16,19,19,12,0
pizza,AlchTBoxForgetter,3,136,0,2,15,20,20,7,0
pizza,AlchTBoxForgetter,3,136,1,2,16,20,12,12,1
pizza,AlchTBoxForgetter,3,136,3,2,16,19,19,12,0
pizza,AlchTBoxForgetter,3,136,2,2,16,19,19,12,0
pizza,AlchTBoxForgetter,3,136,15,2,15,19,19,7,0
pizza,AlchTBoxForgetter,3,136,14,2,15,19,19,7,0
pizza,AlchTBoxForgetter,3,136,16,2,15,19,19,7,0
pizza,AlchTBoxForgetter,3,136,17,2,15,19,19,7,0
pizza,AlchTBoxForgetter,3,136,13,2,15,19,19,7,0
pizza,AlchTBoxForgetter,3,136,12,2,15,19,19,7,0
pizza,AlchTBoxForgetter,3,136,10,2,15,19,19,7,0
pizza,AlchTBoxForgetter,3,136,11,2,15,19,19,7,0
pizza,AlchTBoxForgetter,3,137,8,2,13,17,17,0,0
pizza,AlchTBoxForgetter,3,137,5,2,13,17,17,0,0
pizza,AlchTBoxForgetter,3,137,4,2,13,17,17,0,0
pizza,AlchTBoxForgetter,3,137,6,2,13,17,17,0,0
pizza,AlchTBoxForgetter,3,137,7,2,13,17,17,0,0
pizza,AlchTBoxForgetter,3,137,3,2,13,17,17,0,0
pizza,AlchTBoxForgetter,3,137,2,2,13,17,17,0,0
pizza,AlchTBoxForgetter,3,137,0,2,13,18,10,0,1
pizza,AlchTBoxForgetter,3,137,1,2,13,17,17,0,0
pizza,AlchTBoxForgetter,3,138,0,2,1,0,0,0,1
pizza,AlchTBoxForgetter,3,139,0,2,4,3,3,0,1
pizza,AlchTBoxForgetter,3,140,0,2,3,2,2,0,1
pizza,AlchTBoxForgetter,3,141,0,2,2,1,1,0,1
pizza,AlchTBoxForgetter,3,142,0,2,3,7,2,5,1
pizza,AlchTBoxForgetter,3,143,0,2,1,0,0,0,1
pizza,AlchTBoxForgetter,3,144,0,2,4,3,3,0,1
pizza,AlchTBoxForgetter,3,145,0,2,3,2,2,0,1
pizza,AlchTBoxForgetter,3,146,0,2,2,1,1,0,1
pizza,AlchTBoxForgetter,3,147,0,2,3,7,2,5,1
pizza,AlchTBoxForgetter,3,148,0,2,5,4,4,0,1
pizza,AlchTBoxForgetter,3,149,0,2,4,3,3,0,1
pizza,AlchTBoxForgetter,3,150,0,2,1,0,0,0,1
pizza,AlchTBoxForgetter,3,151,0,2,3,2,2,0,1
pizza,AlchTBoxForgetter,3,152,0,2,2,1,1,0,1
pizza,AlchTBoxForgetter,3,153,0,2,4,8,3,5,1
pizza,AlchTBoxForgetter,3,154,0,2,4,3,3,0,1
pizza,AlchTBoxForgetter,3,155,0,2,3,2,2,0,1
pizza,AlchTBoxForgetter,3,156,0,2,1,0,0,0,1
pizza,AlchTBoxForgetter,3,157,0,2,2,1,1,0,1
pizza,AlchTBoxForgetter,3,158,0,2,3,2,2,0,1
pizza,AlchTBoxForgetter,3,159,0,2,2,1,1,0,1
pizza,AlchTBoxForgetter,3,160,0,2,1,0,0,0,1
pizza,AlchTBoxForgetter,3,161,0,2,2,6,2,0,1
pizza,AlchTBoxForgetter,3,162,1,2,1,2,2,1,1
pizza,AlchTBoxForgetter,3,162,0,2,1,0,0,0,1
pizza,AlchTBoxForgetter,3,163,1,2,2,3,3,1,1
pizza,AlchTBoxForgetter,3,163,0,2,2,1,1,0,1
pizza,AlchTBoxForgetter,3,164,0,2,6,5,5,0,1
pizza,AlchTBoxForgetter,3,165,0,2,5,4,4,0,1
pizza,AlchTBoxForgetter,3,166,0,2,1,0,0,0,1
pizza,AlchTBoxForgetter,3,167,0,2,2,1,1,0,1
pizza,AlchTBoxForgetter,3,168,0,2,4,3,3,0,1
pizza,AlchTBoxForgetter,3,169,0,2,6,6,6,2,1
pizza,AlchTBoxForgetter,3,170,0,2,3,2,2,0,1
pizza,AlchTBoxForgetter,3,171,0,2,5,9,4,5,1
pizza,AlchTBoxForgetter,3,172,0,2,4,3,3,0,1
pizza,AlchTBoxForgetter,3,173,0,2,3,2,2,0,1
pizza,AlchTBoxForgetter,3,174,0,2,1,0,0,0,1
pizza,AlchTBoxForgetter,3,175,0,2,2,1,1,0,1
pizza,AlchTBoxForgetter,3,176,0,2,4,4,4,2,1
pizza,AlchTBoxForgetter,3,177,0,2,3,5,5,4,0
pizza,AlchTBoxForgetter,3,178,6,2,8,9,9,0,0
pizza,AlchTBoxForgetter,3,178,4,2,4,4,3,0,1
pizza,AlchTBoxForgetter,3,178,5,2,6,7,5,0,1
pizza,AlchTBoxForgetter,3,178,1,2,3,5,5,4,0
pizza,AlchTBoxForgetter,3,178,0,2,2,1,1,0,1
pizza,AlchTBoxForgetter,3,178,2,2,4,4,3,0,1
pizza,AlchTBoxForgetter,3,178,3,2,6,6,6,0,0
pizza,AlchTBoxForgetter,3,179,4,2,3,3,2,0,1
pizza,AlchTBoxForgetter,3,179,5,2,5,6,4,0,1
pizza,AlchTBoxForgetter,3,179,6,2,7,8,8,0,0
pizza,AlchTBoxForgetter,3,179,2,2,3,3,2,0,1
pizza,AlchTBoxForgetter,3,179,3,2,5,5,5,0,0
pizza,AlchTBoxForgetter,3,179,1,2,3,5,5,4,0
pizza,AlchTBoxForgetter,3,179,0,2,1,0,0,0,1
pizza,AlchTBoxForgetter,3,180,0,2,5,4,4,0,1
pizza,AlchTBoxForgetter,3,181,0,2,4,3,3,0,1
pizza,AlchTBoxForgetter,3,182,0,2,1,0,0,0,1
pizza,AlchTBoxForgetter,3,183,0,2,3,2,2,0,1
pizza,AlchTBoxForgetter,3,184,0,2,5,5,5,2,1
pizza,AlchTBoxForgetter,3,185,0,2,2,1,1,0,1
pizza,AlchTBoxForgetter,3,186,0,2,4,8,3,5,1
pizza,AlchTBoxForgetter,3,187,0,2,5,5,4,1,1
pizza,AlchTBoxForgetter,3,187,1,2,4,4,4,0,0
pizza,AlchTBoxForgetter,3,188,9,2,6,7,5,0,1
pizza,AlchTBoxForgetter,3,188,20,2,6,7,5,0,1
pizza,AlchTBoxForgetter,3,188,21,2,8,9,9,0,0
pizza,AlchTBoxForgetter,3,188,8,2,6,7,5,0,1
pizza,AlchTBoxForgetter,3,188,23,2,4,4,3,0,1
pizza,AlchTBoxForgetter,3,188,22,2,4,4,3,0,1
pizza,AlchTBoxForgetter,3,188,26,2,6,6,5,0,1
pizza,AlchTBoxForgetter,3,188,27,2,8,8,8,0,0
pizza,AlchTBoxForgetter,3,188,19,2,4,4,3,0,1
pizza,AlchTBoxForgetter,3,188,25,2,4,4,3,0,1
pizza,AlchTBoxForgetter,3,188,24,2,4,4,3,0,1
pizza,AlchTBoxForgetter,3,188,18,2,6,6,6,0,0
pizza,AlchTBoxForgetter,3,188,0,2,4,3,3,0,1
pizza,AlchTBoxForgetter,3,188,15,2,8,9,9,0,0
pizza,AlchTBoxForgetter,3,188,14,2,6,7,5,0,1
pizza,AlchTBoxForgetter,3,188,1,2,4,4,3,0,1
pizza,AlchTBoxForgetter,3,188,3,2,6,6,6,0,0
pizza,AlchTBoxForgetter,3,188,16,2,6,6,6,0,0
pizza,AlchTBoxForgetter,3,188,17,2,6,6,6,0,0
pizza,AlchTBoxForgetter,3,188,2,2,6,6,6,0,0
pizza,AlchTBoxForgetter,3,188,6,2,4,4,3,0,1
pizza,AlchTBoxForgetter,3,188,13,2,6,7,5,0,1
pizza,AlchTBoxForgetter,3,188,12,2,8,9,9,0,0
pizza,AlchTBoxForgetter,3,188,7,2,4,4,3,0,1
pizza,AlchTBoxForgetter,3,188,5,2,4,4,3,0,1
pizza,AlchTBoxForgetter,3,188,10,2,8,9,9,0,0
pizza,AlchTBoxForgetter,3,188,11,2,8,9,9,0,0
pizza,AlchTBoxForgetter,3,188,4,2,4,4,3,0,1
pizza,AlchTBoxForgetter,3,189,17,2,5,5,5,0,0
pizza,AlchTBoxForgetter,3,189,16,2,5,5,5,0,0
pizza,AlchTBoxForgetter,3,189,9,2,5,6,4,0,1
pizza,AlchTBoxForgetter,3,189,14,2,5,6,4,0,1
pizza,AlchTBoxForgetter,3,189,15,2,7,8,8,0,0
pizza,AlchTBoxForgetter,3,189,8,2,5,6,4,0,1
pizza,AlchTBoxForgetter,3,189,11,2,7,8,8,0,0
pizza,AlchTBoxForgetter,3,189,10,2,7,8,8,0,0
pizza,AlchTBoxForgetter,3,189,12,2,7,8,8,0,0
pizza,AlchTBoxForgetter,3,189,13,2,5,6,4,0,1
pizza,AlchTBoxForgetter,3,189,3,2,5,5,5,0,0
pizza,AlchTBoxForgetter,3,189,22,2,3,3,2,0,1
pizza,AlchTBoxForgetter,3,189,23,2,3,3,2,0,1
pizza,AlchTBoxForgetter,3,189,2,2,5,5,5,0,0
pizza,AlchTBoxForgetter,3,189,21,2,7,8,8,0,0
pizza,AlchTBoxForgetter,3,189,0,2,3,2,2,0,1
pizza,AlchTBoxForgetter,3,189,1,2,3,3,2,0,1
pizza,AlchTBoxForgetter,3,189,20,2,5,6,4,0,1
pizza,AlchTBoxForgetter,3,189,24,2,3,3,2,0,1
pizza,AlchTBoxForgetter,3,189,5,2,3,3,2,0,1
pizza,AlchTBoxForgetter,3,189,18,2,5,5,5,0,0
pizza,AlchTBoxForgetter,3,189,19,2,3,3,2,0,1
pizza,AlchTBoxForgetter,3,189,4,2,3,3,2,0,1
pizza,AlchTBoxForgetter,3,189,25,2,3,3,2,0,1
pizza,AlchTBoxForgetter,3,189,6,2,3,3,2,0,1
pizza,AlchTBoxForgetter,3,189,27,2,7,7,7,0,0
pizza,AlchTBoxForgetter,3,189,26,2,5,5,4,0,1
pizza,AlchTBoxForgetter,3,189,7,2,3,3,2,0,1
pizza,AlchTBoxForgetter,3,190,8,2,9,14,14,23,0
pizza,AlchTBoxForgetter,3,190,9,2,10,25,25,100,0
pizza,AlchTBoxForgetter,3,190,18,2,11,26,26,100,0
pizza,AlchTBoxForgetter,3,190,19,2,11,26,26,100,0
pizza,AlchTBoxForgetter,3,190,17,2,11,26,26,100,0
pizza,AlchTBoxForgetter,3,190,2,2,9,14,14,23,0
pizza,AlchTBoxForgetter,3,190,3,2,10,25,25,100,0
pizza,AlchTBoxForgetter,3,190,16,2,11,26,26,100,0
pizza,AlchTBoxForgetter,3,190,14,2,11,26,26,100,0
pizza,AlchTBoxForgetter,3,190,1,2,6,16,16,73,0
pizza,AlchTBoxForgetter,3,190,0,2,10,15,15,23,0
pizza,AlchTBoxForgetter,3,190,15,2,10,15,15,23,0
pizza,AlchTBoxForgetter,3,190,11,2,7,17,17,73,0
pizza,AlchTBoxForgetter,3,190,4,2,10,25,25,100,0
pizza,AlchTBoxForgetter,3,190,5,2,9,14,14,23,0
pizza,AlchTBoxForgetter,3,190,10,2,10,25,25,100,0
pizza,AlchTBoxForgetter,3,190,12,2,10,15,15,23,0
pizza,AlchTBoxForgetter,3,190,7,2,10,25,25,100,0
pizza,AlchTBoxForgetter,3,190,6,2,10,25,25,100,0
pizza,AlchTBoxForgetter,3,190,13,2,11,26,26,100,0
pizza,AlchTBoxForgetter,3,191,1,2,4,4,4,0,0
pizza,AlchTBoxForgetter,3,191,0,2,5,5,5,1,1
pizza,AlchTBoxForgetter,3,192,0,2,1,0,0,0,1
pizza,AlchTBoxForgetter,3,193,0,2,6,7,5,3,1
pizza,AlchTBoxForgetter,3,193,1,2,5,6,6,0,0
pizza,AlchTBoxForgetter,3,194,5,2,2,2,1,0,1
pizza,AlchTBoxForgetter,3,194,4,2,2,2,1,0,1
pizza,AlchTBoxForgetter,3,194,0,2,2,1,1,0,1
pizza,AlchTBoxForgetter,3,194,1,2,2,2,1,0,1
pizza,AlchTBoxForgetter,3,194,3,2,2,2,1,0,1
pizza,AlchTBoxForgetter,3,194,2,2,2,2,1,0,1
pizza,AlchTBoxForgetter,3,195,0,2,4,3,3,0,1
pizza,AlchTBoxForgetter,3,196,0,2,3,2,2,0,1
pizza,AlchTBoxForgetter,3,197,0,2,2,1,1,0,1
pizza,AlchTBoxForgetter,3,198,0,2,1,0,0,0,1
pizza,AlchTBoxForgetter,3,199,0,2,3,7,2,5,1
pizza,AlchTBoxForgetter,3,200,1,2,4,4,4,0,0
pizza,AlchTBoxForgetter,3,200,0,2,5,5,4,1,1
pizza,AlchTBoxForgetter,3,201,7,2,8,8,8,0,0
pizza,AlchTBoxForgetter,3,201,6,2,8,9,9,0,0
pizza,AlchTBoxForgetter,3,201,4,2,6,6,5,0,1
pizza,AlchTBoxForgetter,3,201,5,2,6,7,5,0,1
pizza,AlchTBoxForgetter,3,201,1,2,4,4,3,0,1
pizza,AlchTBoxForgetter,3,201,0,2,4,3,3,0,1
pizza,AlchTBoxForgetter,3,201,2,2,6,6,6,0,0
pizza,AlchTBoxForgetter,3,201,3,2,6,6,6,0,0
pizza,AlchTBoxForgetter,3,201,12,2,4,4,3,0,1
pizza,AlchTBoxForgetter,3,201,10,2,4,4,3,0,1
pizza,AlchTBoxForgetter,3,201,11,2,4,4,3,0,1
pizza,AlchTBoxForgetter,3,201,8,2,6,7,5,0,1
pizza,AlchTBoxForgetter,3,201,9,2,8,9,9,0,0
pizza,AlchTBoxForgetter,3,202,6,2,7,8,8,0,0
pizza,AlchTBoxForgetter,3,202,7,2,7,7,7,0,0
pizza,AlchTBoxForgetter,3,202,5,2,5,6,4,0,1
pizza,AlchTBoxForgetter,3,202,4,2,5,5,4,0,1
pizza,AlchTBoxForgetter,3,202,12,2,3,3,2,0,1
pizza,AlchTBoxForgetter,3,202,0,2,3,2,2,0,1
pizza,AlchTBoxForgetter,3,202,1,2,3,3,2,0,1
pizza,AlchTBoxForgetter,3,202,11,2,3,3,2,0,1
pizza,AlchTBoxForgetter,3,202,3,2,5,5,5,0,0
pizza,AlchTBoxForgetter,3,202,2,2,5,5,5,0,0
pizza,AlchTBoxForgetter,3,202,10,2,3,3,2,0,1
pizza,AlchTBoxForgetter,3,202,9,2,7,8,8,0,0
pizza,AlchTBoxForgetter,3,202,8,2,5,6,4,0,1
pizza,AlchTBoxForgetter,3,203,0,2,1,0,0,0,1
pizza,AlchTBoxForgetter,3,204,0,2,2,1,1,0,1
pizza,AlchTBoxForgetter,3,204,1,2,2,2,1,0,1
pizza,AlchTBoxForgetter,3,204,2,2,2,2,1,0,1
pizza,AlchTBoxForgetter,3,205,2,2,7,12,12,25,0
pizza,AlchTBoxForgetter,3,205,0,2,7,13,12,29,1
pizza,AlchTBoxForgetter,3,205,1,2,7,12,12,25,0
pizza,AlchTBoxForgetter,3,206,2,2,9,12,12,0,0
pizza,AlchTBoxForgetter,3,206,3,2,9,12,12,4,0
pizza,AlchTBoxForgetter,3,206,1,2,8,12,12,5,0
pizza,AlchTBoxForgetter,3,206,0,2,8,13,13,5,0
pizza,AlchTBoxForgetter,3,206,4,2,8,12,12,5,0
pizza,AlchTBoxForgetter,3,206,5,2,9,13,7,2,1
pizza,AlchTBoxForgetter,3,207,1,2,6,10,10,0,0
pizza,AlchTBoxForgetter,3,207,0,2,6,11,5,1,1
pizza,AlchTBoxForgetter,3,207,2,2,6,10,10,0,0
pizza,AlchTBoxForgetter,3,208,0,2,3,2,2,0,1
pizza,AlchTBoxForgetter,3,209,0,2,2,1,1,0,1
pizza,AlchTBoxForgetter,3,210,0,2,1,0,0,0,1
pizza,AlchTBoxForgetter,3,211,0,2,1,0,0,0,1
pizza,AlchTBoxForgetter,3,211,1,2,1,2,2,1,1
pizza,AlchTBoxForgetter,3,212,1,2,2,3,3,1,1
pizza,AlchTBoxForgetter,3,212,0,2,2,1,1,0,1
pizza,AlchTBoxForgetter,3,213,1,2,1,2,2,1,1
pizza,AlchTBoxForgetter,3,213,0,2,1,0,0,0,1
pizza,AlchTBoxForgetter,3,214,1,2,2,3,3,1,1
pizza,AlchTBoxForgetter,3,214,0,2,2,1,1,0,1
pizza,AlchTBoxForgetter,3,215,0,2,4,3,3,0,1
pizza,AlchTBoxForgetter,3,216,0,2,1,0,0,0,1
pizza,AlchTBoxForgetter,3,217,0,2,3,2,2,0,1
pizza,AlchTBoxForgetter,3,218,0,2,2,1,1,0,1
pizza,AlchTBoxForgetter,3,219,0,2,1,0,0,0,1
pizza,AlchTBoxForgetter,3,220,0,2,4,3,3,0,1
pizza,AlchTBoxForgetter,3,221,0,2,3,2,2,0,1
pizza,AlchTBoxForgetter,3,222,0,2,2,1,1,0,1
pizza,AlchTBoxForgetter,3,223,0,2,3,7,2,5,1
pizza,AlchTBoxForgetter,3,224,0,2,5,5,4,1,1
pizza,AlchTBoxForgetter,3,224,1,2,4,4,4,0,0
pizza,AlchTBoxForgetter,3,225,6,2,8,9,9,0,0
pizza,AlchTBoxForgetter,3,225,7,2,8,9,9,0,0
pizza,AlchTBoxForgetter,3,225,5,2,6,7,5,0,1
pizza,AlchTBoxForgetter,3,225,4,2,6,6,5,0,1
pizza,AlchTBoxForgetter,3,225,0,2,4,3,3,0,1
pizza,AlchTBoxForgetter,3,225,1,2,4,4,3,0,1
pizza,AlchTBoxForgetter,3,225,3,2,6,6,6,0,0
pizza,AlchTBoxForgetter,3,225,2,2,6,6,6,0,0
pizza,AlchTBoxForgetter,3,225,12,2,8,9,9,0,0
pizza,AlchTBoxForgetter,3,225,13,2,4,4,3,0,1
pizza,AlchTBoxForgetter,3,225,11,2,6,7,5,0,1
pizza,AlchTBoxForgetter,3,225,10,2,6,6,6,0,0
pizza,AlchTBoxForgetter,3,225,9,2,8,8,8,0,0
pizza,AlchTBoxForgetter,3,225,14,2,4,4,3,0,1
pizza,AlchTBoxForgetter,3,225,15,2,4,4,3,0,1
pizza,AlchTBoxForgetter,3,225,8,2,6,7,5,0,1
pizza,AlchTBoxForgetter,3,225,17,2,4,4,3,0,1
pizza,AlchTBoxForgetter,3,225,16,2,4,4,3,0,1
pizza,AlchTBoxForgetter,3,226,7,2,7,8,8,0,0
pizza,AlchTBoxForgetter,3,226,15,2,3,3,2,0,1
pizza,AlchTBoxForgetter,3,226,14,2,3,3,2,0,1
pizza,AlchTBoxForgetter,3,226,6,2,7,8,8,0,0
pizza,AlchTBoxForgetter,3,226,4,2,5,5,4,0,1
pizza,AlchTBoxForgetter,3,226,16,2,3,3,2,0,1
pizza,AlchTBoxForgetter,3,226,17,2,3,3,2,0,1
pizza,AlchTBoxForgetter,3,226,5,2,5,6,4,0,1
pizza,AlchTBoxForgetter,3,226,1,2,3,3,2,0,1
pizza,AlchTBoxForgetter,3,226,13,2,3,3,2,0,1
pizza,AlchTBoxForgetter,3,226,12,2,7,8,8,0,0
pizza,AlchTBoxForgetter,3,226,0,2,3,2,2,0,1
pizza,AlchTBoxForgetter,3,226,2,2,5,5,5,0,0
pizza,AlchTBoxForgetter,3,226,10,2,5,5,5,0,0
pizza,AlchTBoxForgetter,3,226,11,2,5,6,4,0,1
pizza,AlchTBoxForgetter,3,226,3,2,5,5,5,0,0
pizza,AlchTBoxForgetter,3,226,8,2,5,6,4,0,1
pizza,AlchTBoxForgetter,3,226,9,2,7,7,7,0,0
pizza,AlchTBoxForgetter,3,227,1,2,10,25,25,100,0
pizza,AlchTBoxForgetter,3,227,0,2,11,26,26,100,0
pizza,AlchTBoxForgetter,3,228,0,2,1,0,0,0,1
pizza,AlchTBoxForgetter,3,229,2,2,2,2,1,0,1
pizza,AlchTBoxForgetter,3,229,3,2,2,2,1,0,1
pizza,AlchTBoxForgetter,3,229,1,2,2,2,1,0,1
pizza,AlchTBoxForgetter,3,229,0,2,2,1,1,0,1
pizza,AlchTBoxForgetter,3,230,3,2,8,13,13,30,0
pizza,AlchTBoxForgetter,3,230,2,2,8,13,13,30,0
pizza,AlchTBoxForgetter,3,230,0,2,8,14,13,35,1
pizza,AlchTBoxForgetter,3,230,1,2,8,13,13,25,0
pizza,AlchTBoxForgetter,3,231,0,2,9,14,14,7,0
pizza,AlchTBoxForgetter,3,231,1,2,9,13,13,5,0
pizza,AlchTBoxForgetter,3,231,3,2,10,13,13,8,0
pizza,AlchTBoxForgetter,3,231,2,2,10,13,13,8,0
pizza,AlchTBoxForgetter,3,231,6,2,9,13,13,4,0
pizza,AlchTBoxForgetter,3,231,7,2,10,14,8,8,1
pizza,AlchTBoxForgetter,3,231,5,2,9,13,13,4,0
pizza,AlchTBoxForgetter,3,231,4,2,10,13,13,8,0
pizza,AlchTBoxForgetter,3,232,1,2,7,11,11,0,0
pizza,AlchTBoxForgetter,3,232,0,2,7,12,6,0,1
pizza,AlchTBoxForgetter,3,232,2,2,7,11,11,0,0
pizza,AlchTBoxForgetter,3,232,3,2,7,11,11,0,0
pizza,AlchTBoxForgetter,3,233,0,2,4,3,3,0,1
pizza,AlchTBoxForgetter,3,234,0,2,3,2,2,0,1
pizza,AlchTBoxForgetter,3,235,0,2,2,1,1,0,1
pizza,AlchTBoxForgetter,3,236,0,2,1,0,0,0,1
pizza,AlchTBoxForgetter,3,237,0,2,3,7,2,5,1
pizza,AlchTBoxForgetter,3,238,2,2,7,7,7,0,0
pizza,AlchTBoxForgetter,3,238,0,2,3,2,2,0,1
pizza,AlchTBoxForgetter,3,238,1,2,5,5,4,0,1
pizza,AlchTBoxForgetter,3,239,0,2,2,1,1,0,1
pizza,AlchTBoxForgetter,3,239,1,2,4,4,3,0,1
pizza,AlchTBoxForgetter,3,239,2,2,6,6,6,0,0
pizza,AlchTBoxForgetter,3,240,0,2,1,0,0,0,1
pizza,AlchTBoxForgetter,3,241,0,2,5,5,4,1,1
pizza,AlchTBoxForgetter,3,241,1,2,4,4,4,0,0
pizza,AlchTBoxForgetter,3,242,1,2,4,4,3,0,1
pizza,AlchTBoxForgetter,3,242,0,2,4,3,3,0,1
pizza,AlchTBoxForgetter,3,242,2,2,6,6,6,0,0
pizza,AlchTBoxForgetter,3,242,3,2,6,6,6,0,0
pizza,AlchTBoxForgetter,3,242,7,2,8,9,9,0,0
pizza,AlchTBoxForgetter,3,242,6,2,8,9,9,0,0
pizza,AlchTBoxForgetter,3,242,4,2,6,6,5,0,1
pizza,AlchTBoxForgetter,3,242,5,2,6,7,5,0,1
pizza,AlchTBoxForgetter,3,242,20,2,4,4,3,0,1
pizza,AlchTBoxForgetter,3,242,21,2,4,4,3,0,1
pizza,AlchTBoxForgetter,3,242,23,2,4,4,3,0,1
pizza,AlchTBoxForgetter,3,242,22,2,4,4,3,0,1
pizza,AlchTBoxForgetter,3,242,26,2,4,4,3,0,1
pizza,AlchTBoxForgetter,3,242,27,2,4,4,3,0,1
pizza,AlchTBoxForgetter,3,242,19,2,4,4,3,0,1
pizza,AlchTBoxForgetter,3,242,25,2,4,4,3,0,1
pizza,AlchTBoxForgetter,3,242,24,2,4,4,3,0,1
pizza,AlchTBoxForgetter,3,242,18,2,8,9,9,0,0
pizza,AlchTBoxForgetter,3,242,15,2,6,6,6,0,0
pizza,AlchTBoxForgetter,3,242,14,2,6,6,6,0,0
pizza,AlchTBoxForgetter,3,242,16,2,6,6,6,0,0
pizza,AlchTBoxForgetter,3,242,17,2,6,7,5,0,1
pizza,AlchTBoxForgetter,3,242,13,2,8,8,8,0,0
pizza,AlchTBoxForgetter,3,242,12,2,6,7,5,0,1
pizza,AlchTBoxForgetter,3,242,10,2,6,7,5,0,1
pizza,AlchTBoxForgetter,3,242,11,2,6,7,5,0,1
pizza,AlchTBoxForgetter,3,242,8,2,8,9,9,0,0
pizza,AlchTBoxForgetter,3,242,9,2,8,9,9,0,0
pizza,AlchTBoxForgetter,3,243,17,2,5,6,4,0,1
pizza,AlchTBoxForgetter,3,243,16,2,5,5,5,0,0
pizza,AlchTBoxForgetter,3,243,14,2,5,5,5,0,0
pizza,AlchTBoxForgetter,3,243,15,2,5,5,5,0,0
pizza,AlchTBoxForgetter,3,243,11,2,5,6,4,0,1
pizza,AlchTBoxForgetter,3,243,10,2,5,6,4,0,1
pizza,AlchTBoxForgetter,3,243,12,2,5,6,4,0,1
pizza,AlchTBoxForgetter,3,243,13,2,7,7,7,0,0
pizza,AlchTBoxForgetter,3,243,2,2,5,5,5,0,0
pizza,AlchTBoxForgetter,3,243,3,2,5,5,5,0,0
pizza,AlchTBoxForgetter,3,243,1,2,3,3,2,0,1
pizza,AlchTBoxForgetter,3,243,0,2,3,2,2,0,1
pizza,AlchTBoxForgetter,3,243,4,2,5,5,4,0,1
pizza,AlchTBoxForgetter,3,243,5,2,5,6,4,0,1
pizza,AlchTBoxForgetter,3,243,7,2,7,8,8,0,0
pizza,AlchTBoxForgetter,3,243,6,2,7,8,8,0,0
pizza,AlchTBoxForgetter,3,243,8,2,7,8,8,0,0
pizza,AlchTBoxForgetter,3,243,9,2,7,8,8,0,0
pizza,AlchTBoxForgetter,3,243,22,2,3,3,2,0,1
pizza,AlchTBoxForgetter,3,243,23,2,3,3,2,0,1
pizza,AlchTBoxForgetter,3,243,21,2,3,3,2,0,1
pizza,AlchTBoxForgetter,3,243,20,2,3,3,2,0,1
pizza,AlchTBoxForgetter,3,243,24,2,3,3,2,0,1
pizza,AlchTBoxForgetter,3,243,18,2,7,8,8,0,0
pizza,AlchTBoxForgetter,3,243,19,2,3,3,2,0,1
pizza,AlchTBoxForgetter,3,243,25,2,3,3,2,0,1
pizza,AlchTBoxForgetter,3,243,27,2,3,3,2,0,1
pizza,AlchTBoxForgetter,3,243,26,2,3,3,2,0,1
pizza,AlchTBoxForgetter,3,244,7,2,10,25,25,100,0
pizza,AlchTBoxForgetter,3,244,6,2,10,25,25,100,0
pizza,AlchTBoxForgetter,3,244,4,2,9,14,14,23,0
pizza,AlchTBoxForgetter,3,244,5,2,10,25,25,100,0
pizza,AlchTBoxForgetter,3,244,18,2,11,26,26,100,0
pizza,AlchTBoxForgetter,3,244,1,2,6,16,16,73,0
pizza,AlchTBoxForgetter,3,244,0,2,7,17,17,73,0
pizza,AlchTBoxForgetter,3,244,19,2,11,26,26,100,0
pizza,AlchTBoxForgetter,3,244,2,2,9,14,14,23,0
pizza,AlchTBoxForgetter,3,244,3,2,9,14,14,23,0
pizza,AlchTBoxForgetter,3,244,17,2,11,26,26,100,0
pizza,AlchTBoxForgetter,3,244,16,2,11,26,26,100,0
pizza,AlchTBoxForgetter,3,244,14,2,11,26,26,100,0
pizza,AlchTBoxForgetter,3,244,15,2,11,26,26,100,0
pizza,AlchTBoxForgetter,3,244,11,2,10,15,15,23,0
pizza,AlchTBoxForgetter,3,244,8,2,10,25,25,100,0
pizza,AlchTBoxForgetter,3,244,9,2,10,25,25,100,0
pizza,AlchTBoxForgetter,3,244,10,2,10,25,25,100,0
pizza,AlchTBoxForgetter,3,244,12,2,10,15,15,23,0
pizza,AlchTBoxForgetter,3,244,13,2,10,15,15,23,0
pizza,AlchTBoxForgetter,3,245,0,2,1,0,0,0,1
pizza,AlchTBoxForgetter,3,246,0,2,6,7,6,3,1
pizza,AlchTBoxForgetter,3,246,1,2,5,6,6,0,0
pizza,AlchTBoxForgetter,3,247,5,2,2,2,1,0,1
pizza,AlchTBoxForgetter,3,247,4,2,2,2,1,0,1
pizza,AlchTBoxForgetter,3,247,0,2,2,1,1,0,1
pizza,AlchTBoxForgetter,3,247,1,2,2,2,1,0,1
pizza,AlchTBoxForgetter,3,247,3,2,2,2,1,0,1
pizza,AlchTBoxForgetter,3,247,2,2,2,2,1,0,1
pizza,AlchTBoxForgetter,3,248,3,2,4,5,5,0,0
pizza,AlchTBoxForgetter,3,248,2,2,4,5,5,0,0
pizza,AlchTBoxForgetter,3,248,0,2,4,4,4,0,0
pizza,AlchTBoxForgetter,3,248,1,2,4,5,5,0,0
pizza,AlchTBoxForgetter,3,248,5,2,4,5,5,0,0
pizza,AlchTBoxForgetter,3,248,4,2,4,5,5,0,0
pizza,AlchTBoxForgetter,3,249,0,2,6,7,7,0,0
pizza,AlchTBoxForgetter,3,249,1,2,6,8,8,0,0
pizza,AlchTBoxForgetter,3,249,3,2,6,8,8,0,0
pizza,AlchTBoxForgetter,3,249,2,2,6,8,8,0,0
pizza,AlchTBoxForgetter,3,249,5,2,6,8,8,0,0
pizza,AlchTBoxForgetter,3,249,4,2,6,8,8,0,0
pizza,AlchTBoxForgetter,3,250,0,2,3,2,2,0,1
pizza,AlchTBoxForgetter,3,251,0,2,2,1,1,0,1
pizza,AlchTBoxForgetter,3,252,0,2,1,0,0,0,1
pizza,AlchTBoxForgetter,3,253,0,2,2,6,2,0,1
pizza,AlchTBoxForgetter,3,254,0,2,4,3,3,0,1
pizza,AlchTBoxForgetter,3,255,0,2,3,2,2,0,1
pizza,AlchTBoxForgetter,3,256,0,2,2,1,1,0,1
pizza,AlchTBoxForgetter,3,257,0,2,1,0,0,0,1
pizza,AlchTBoxForgetter,3,258,0,2,3,7,2,5,1
pizza,AlchTBoxForgetter,3,259,0,2,4,3,3,0,1
pizza,AlchTBoxForgetter,3,260,0,2,3,2,2,0,1
pizza,AlchTBoxForgetter,3,261,0,2,2,1,1,0,1
pizza,AlchTBoxForgetter,3,262,0,2,1,0,0,0,1
pizza,AlchTBoxForgetter,3,263,0,2,3,7,2,5,1
pizza,AlchTBoxForgetter,3,264,0,2,5,4,4,0,1
pizza,AlchTBoxForgetter,3,265,0,2,4,3,3,0,1
pizza,AlchTBoxForgetter,3,266,0,2,1,0,0,0,1
pizza,AlchTBoxForgetter,3,267,0,2,2,1,1,0,1
pizza,AlchTBoxForgetter,3,268,0,2,3,2,2,0,1
pizza,AlchTBoxForgetter,3,269,3,2,4,4,4,0,0
pizza,AlchTBoxForgetter,3,269,2,2,4,4,4,0,0
pizza,AlchTBoxForgetter,3,269,0,2,5,5,4,1,1
pizza,AlchTBoxForgetter,3,269,1,2,5,5,5,1,1
pizza,AlchTBoxForgetter,3,270,26,2,4,4,3,0,1
pizza,AlchTBoxForgetter,3,270,27,2,4,4,3,0,1
pizza,AlchTBoxForgetter,3,270,25,2,4,4,3,0,1
pizza,AlchTBoxForgetter,3,270,19,2,4,4,3,0,1
pizza,AlchTBoxForgetter,3,270,18,2,8,9,9,0,0
pizza,AlchTBoxForgetter,3,270,24,2,4,4,3,0,1
pizza,AlchTBoxForgetter,3,270,20,2,4,4,3,0,1
pizza,AlchTBoxForgetter,3,270,21,2,4,4,3,0,1
pizza,AlchTBoxForgetter,3,270,23,2,4,4,3,0,1
pizza,AlchTBoxForgetter,3,270,22,2,4,4,3,0,1
pizza,AlchTBoxForgetter,3,270,8,2,8,9,9,0,0
pizza,AlchTBoxForgetter,3,270,9,2,8,9,9,0,0
pizza,AlchTBoxForgetter,3,270,4,2,6,6,5,0,1
pizza,AlchTBoxForgetter,3,270,5,2,6,7,5,0,1
pizza,AlchTBoxForgetter,3,270,7,2,8,9,9,0,0
pizza,AlchTBoxForgetter,3,270,6,2,8,9,9,0,0
pizza,AlchTBoxForgetter,3,270,2,2,6,6,6,0,0
pizza,AlchTBoxForgetter,3,270,3,2,6,6,6,0,0
pizza,AlchTBoxForgetter,3,270,1,2,4,4,3,0,1
pizza,AlchTBoxForgetter,3,270,0,2,4,3,3,0,1
pizza,AlchTBoxForgetter,3,270,13,2,8,8,8,0,0
pizza,AlchTBoxForgetter,3,270,12,2,6,7,5,0,1
pizza,AlchTBoxForgetter,3,270,10,2,6,7,5,0,1
pizza,AlchTBoxForgetter,3,270,11,2,6,7,5,0,1
pizza,AlchTBoxForgetter,3,270,15,2,6,6,6,0,0
pizza,AlchTBoxForgetter,3,270,14,2,6,6,6,0,0
pizza,AlchTBoxForgetter,3,270,16,2,6,6,6,0,0
pizza,AlchTBoxForgetter,3,270,17,2,6,7,5,0,1
pizza,AlchTBoxForgetter,3,271,8,2,7,8,8,0,0
pizza,AlchTBoxForgetter,3,271,9,2,7,8,8,0,0
pizza,AlchTBoxForgetter,3,271,11,2,5,6,4,0,1
pizza,AlchTBoxForgetter,3,271,10,2,5,6,4,0,1
pizza,AlchTBoxForgetter,3,271,12,2,5,6,4,0,1
pizza,AlchTBoxForgetter,3,271,13,2,7,7,7,0,0
pizza,AlchTBoxForgetter,3,271,17,2,5,6,4,0,1
pizza,AlchTBoxForgetter,3,271,16,2,5,5,5,0,0
pizza,AlchTBoxForgetter,3,271,14,2,5,5,5,0,0
pizza,AlchTBoxForgetter,3,271,15,2,5,5,5,0,0
pizza,AlchTBoxForgetter,3,271,18,2,7,8,8,0,0
pizza,AlchTBoxForgetter,3,271,24,2,3,3,2,0,1
pizza,AlchTBoxForgetter,3,271,25,2,3,3,2,0,1
pizza,AlchTBoxForgetter,3,271,19,2,3,3,2,0,1
pizza,AlchTBoxForgetter,3,271,27,2,3,3,2,0,1
pizza,AlchTBoxForgetter,3,271,26,2,3,3,2,0,1
pizza,AlchTBoxForgetter,3,271,22,2,3,3,2,0,1
pizza,AlchTBoxForgetter,3,271,23,2,3,3,2,0,1
pizza,AlchTBoxForgetter,3,271,21,2,3,3,2,0,1
pizza,AlchTBoxForgetter,3,271,20,2,3,3,2,0,1
pizza,AlchTBoxForgetter,3,271,7,2,7,8,8,0,0
pizza,AlchTBoxForgetter,3,271,6,2,7,8,8,0,0
pizza,AlchTBoxForgetter,3,271,4,2,5,5,4,0,1
pizza,AlchTBoxForgetter,3,271,5,2,5,6,4,0,1
pizza,AlchTBoxForgetter,3,271,1,2,3,3,2,0,1
pizza,AlchTBoxForgetter,3,271,0,2,3,2,2,0,1
pizza,AlchTBoxForgetter,3,271,2,2,5,5,5,0,0
pizza,AlchTBoxForgetter,3,271,3,2,5,5,5,0,0
pizza,AlchTBoxForgetter,3,272,19,2,10,17,17,32,0
pizza,AlchTBoxForgetter,3,272,18,2,10,17,17,32,0
pizza,AlchTBoxForgetter,3,272,9,2,11,26,26,100,0
pizza,AlchTBoxForgetter,3,272,8,2,10,15,15,23,0
pizza,AlchTBoxForgetter,3,272,6,2,10,25,25,100,0
pizza,AlchTBoxForgetter,3,272,7,2,9,14,14,23,0
pizza,AlchTBoxForgetter,3,272,5,2,9,14,14,23,0
pizza,AlchTBoxForgetter,3,272,4,2,10,25,25,100,0
pizza,AlchTBoxForgetter,3,272,0,2,11,18,18,32,0
pizza,AlchTBoxForgetter,3,272,1,2,10,15,15,23,0
pizza,AlchTBoxForgetter,3,272,3,2,11,26,26,100,0
pizza,AlchTBoxForgetter,3,272,2,2,10,15,15,23,0
pizza,AlchTBoxForgetter,3,272,16,2,10,17,17,32,0
pizza,AlchTBoxForgetter,3,272,17,2,11,18,18,32,0
pizza,AlchTBoxForgetter,3,272,15,2,11,18,18,32,0
pizza,AlchTBoxForgetter,3,272,14,2,9,14,14,23,0
pizza,AlchTBoxForgetter,3,272,10,2,11,26,26,100,0
pizza,AlchTBoxForgetter,3,272,11,2,10,25,25,100,0
pizza,AlchTBoxForgetter,3,272,13,2,9,14,14,23,0
pizza,AlchTBoxForgetter,3,272,12,2,10,15,15,23,0
pizza,AlchTBoxForgetter,3,273,0,2,5,5,4,1,1
pizza,AlchTBoxForgetter,3,273,1,2,4,4,4,0,0
pizza,AlchTBoxForgetter,3,274,0,2,1,0,0,0,1
pizza,AlchTBoxForgetter,3,275,0,2,6,7,5,3,1
pizza,AlchTBoxForgetter,3,275,1,2,5,6,6,0,0
pizza,AlchTBoxForgetter,3,276,2,2,2,2,1,0,1
pizza,AlchTBoxForgetter,3,276,3,2,2,2,1,0,1
pizza,AlchTBoxForgetter,3,276,1,2,2,2,1,0,1
pizza,AlchTBoxForgetter,3,276,0,2,2,1,1,0,1
pizza,AlchTBoxForgetter,3,276,4,2,2,2,1,0,1
pizza,AlchTBoxForgetter,3,276,5,2,2,2,1,0,1
pizza,AlchTBoxForgetter,3,277,0,2,1,0,0,0,1
pizza,AlchTBoxForgetter,3,278,0,2,4,3,3,0,1
pizza,AlchTBoxForgetter,3,279,0,2,3,2,2,0,1
pizza,AlchTBoxForgetter,3,280,0,2,2,1,1,0,1
pizza,AlchTBoxForgetter,3,281,0,2,3,7,2,5,1
pizza,AlchTBoxForgetter,3,282,0,2,5,4,4,0,1
pizza,AlchTBoxForgetter,3,283,0,2,4,3,3,0,1
pizza,AlchTBoxForgetter,3,284,0,2,1,0,0,0,1
pizza,AlchTBoxForgetter,3,285,0,2,3,2,2,0,1
pizza,AlchTBoxForgetter,3,286,0,2,2,1,1,0,1
pizza,AlchTBoxForgetter,3,287,0,2,4,8,3,5,1
pizza,AlchTBoxForgetter,3,288,0,2,4,3,3,0,1
pizza,AlchTBoxForgetter,3,289,0,2,3,2,2,0,1
pizza,AlchTBoxForgetter,3,290,0,2,1,0,0,0,1
pizza,AlchTBoxForgetter,3,291,0,2,2,1,1,0,1
pizza,AlchTBoxForgetter,3,292,0,2,4,3,3,0,1
pizza,AlchTBoxForgetter,3,293,0,2,3,2,2,0,1
pizza,AlchTBoxForgetter,3,294,0,2,2,1,1,0,1
pizza,AlchTBoxForgetter,3,295,0,2,1,0,0,0,1
pizza,AlchTBoxForgetter,3,296,0,2,3,7,2,5,1
pizza,AlchTBoxForgetter,3,297,0,2,4,3,3,0,1
pizza,AlchTBoxForgetter,3,298,0,2,3,2,2,0,1
pizza,AlchTBoxForgetter,3,299,0,2,2,1,1,0,1
pizza,AlchTBoxForgetter,3,300,0,2,1,0,0,0,1
pizza,AlchTBoxForgetter,3,301,0,2,3,7,2,5,1
pizza,AlchTBoxForgetter,3,302,0,2,4,3,3,0,1
pizza,AlchTBoxForgetter,3,303,0,2,3,2,2,0,1
pizza,AlchTBoxForgetter,3,304,0,2,1,0,0,0,1
pizza,AlchTBoxForgetter,3,305,0,2,2,1,1,0,1
pizza,AlchTBoxForgetter,3,306,0,2,3,7,2,5,1
pizza,AlchTBoxForgetter,3,307,2,2,6,6,6,0,0
pizza,AlchTBoxForgetter,3,307,1,2,4,4,3,0,1
pizza,AlchTBoxForgetter,3,307,0,2,2,1,1,0,1
pizza,AlchTBoxForgetter,3,308,1,2,3,3,2,0,1
pizza,AlchTBoxForgetter,3,308,0,2,1,0,0,0,1
pizza,AlchTBoxForgetter,3,308,2,2,5,5,5,0,0
pizza,AlchTBoxForgetter,3,309,0,2,2,1,1,0,1
pizza,AlchTBoxForgetter,3,310,0,2,1,0,0,0,1
pizza,AlchTBoxForgetter,3,311,0,2,2,1,1,0,1
pizza,AlchTBoxForgetter,3,312,0,2,1,0,0,0,1
pizza,AlchTBoxForgetter,3,313,1,2,4,4,4,0,0
pizza,AlchTBoxForgetter,3,313,0,2,5,5,4,1,1
pizza,AlchTBoxForgetter,3,314,13,2,6,7,5,0,1
pizza,AlchTBoxForgetter,3,314,12,2,6,7,5,0,1
pizza,AlchTBoxForgetter,3,314,10,2,8,9,9,0,0
pizza,AlchTBoxForgetter,3,314,11,2,8,9,9,0,0
pizza,AlchTBoxForgetter,3,314,8,2,8,9,9,0,0
pizza,AlchTBoxForgetter,3,314,29,2,4,4,3,0,1
pizza,AlchTBoxForgetter,3,314,15,2,6,7,5,0,1
pizza,AlchTBoxForgetter,3,314,14,2,6,7,5,0,1
pizza,AlchTBoxForgetter,3,314,28,2,4,4,3,0,1
pizza,AlchTBoxForgetter,3,314,9,2,8,9,9,0,0
pizza,AlchTBoxForgetter,3,314,16,2,6,7,5,0,1
pizza,AlchTBoxForgetter,3,314,17,2,8,8,8,0,0
pizza,AlchTBoxForgetter,3,314,7,2,8,9,9,0,0
pizza,AlchTBoxForgetter,3,314,26,2,4,4,3,0,1
pizza,AlchTBoxForgetter,3,314,32,2,4,4,3,0,1
pizza,AlchTBoxForgetter,3,314,33,2,4,4,3,0,1
pizza,AlchTBoxForgetter,3,314,27,2,4,4,3,0,1
pizza,AlchTBoxForgetter,3,314,6,2,8,9,9,0,0
pizza,AlchTBoxForgetter,3,314,4,2,6,6,5,0,1
pizza,AlchTBoxForgetter,3,314,31,2,4,4,3,0,1
pizza,AlchTBoxForgetter,3,314,25,2,4,4,3,0,1
pizza,AlchTBoxForgetter,3,314,19,2,6,6,6,0,0
pizza,AlchTBoxForgetter,3,314,18,2,6,6,6,0,0
pizza,AlchTBoxForgetter,3,314,24,2,8,9,9,0,0
pizza,AlchTBoxForgetter,3,314,30,2,4,4,3,0,1
pizza,AlchTBoxForgetter,3,314,5,2,6,7,5,0,1
pizza,AlchTBoxForgetter,3,314,1,2,4,4,3,0,1
pizza,AlchTBoxForgetter,3,314,34,2,4,4,3,0,1
pizza,AlchTBoxForgetter,3,314,20,2,6,6,6,0,0
pizza,AlchTBoxForgetter,3,314,21,2,6,6,6,0,0
pizza,AlchTBoxForgetter,3,314,35,2,4,4,3,0,1
pizza,AlchTBoxForgetter,3,314,0,2,4,3,3,0,1
pizza,AlchTBoxForgetter,3,314,2,2,6,6,6,0,0
pizza,AlchTBoxForgetter,3,314,23,2,6,7,5,0,1
pizza,AlchTBoxForgetter,3,314,37,2,4,4,3,0,1
pizza,AlchTBoxForgetter,3,314,36,2,4,4,3,0,1
pizza,AlchTBoxForgetter,3,314,22,2,6,6,6,0,0
pizza,AlchTBoxForgetter,3,314,3,2,6,6,6,0,0
pizza,AlchTBoxForgetter,3,315,18,2,5,5,5,0,0
pizza,AlchTBoxForgetter,3,315,30,2,3,3,2,0,1
pizza,AlchTBoxForgetter,3,315,24,2,7,8,8,0,0
pizza,AlchTBoxForgetter,3,315,25,2,3,3,2,0,1
pizza,AlchTBoxForgetter,3,315,31,2,3,3,2,0,1
pizza,AlchTBoxForgetter,3,315,19,2,5,5,5,0,0
pizza,AlchTBoxForgetter,3,315,27,2,3,3,2,0,1
pizza,AlchTBoxForgetter,3,315,33,2,3,3,2,0,1
pizza,AlchTBoxForgetter,3,315,32,2,3,3,2,0,1
pizza,AlchTBoxForgetter,3,315,26,2,3,3,2,0,1
pizza,AlchTBoxForgetter,3,315,22,2,5,5,5,0,0
pizza,AlchTBoxForgetter,3,315,36,2,3,3,2,0,1
pizza,AlchTBoxForgetter,3,315,37,2,3,3,2,0,1
pizza,AlchTBoxForgetter,3,315,23,2,5,6,4,0,1
pizza,AlchTBoxForgetter,3,315,35,2,3,3,2,0,1
pizza,AlchTBoxForgetter,3,315,21,2,5,5,5,0,0
pizza,AlchTBoxForgetter,3,315,8,2,7,8,8,0,0
pizza,AlchTBoxForgetter,3,315,9,2,7,8,8,0,0
pizza,AlchTBoxForgetter,3,315,20,2,5,5,5,0,0
pizza,AlchTBoxForgetter,3,315,34,2,3,3,2,0,1
pizza,AlchTBoxForgetter,3,315,11,2,7,8,8,0,0
pizza,AlchTBoxForgetter,3,315,4,2,5,5,4,0,1
pizza,AlchTBoxForgetter,3,315,5,2,5,6,4,0,1
pizza,AlchTBoxForgetter,3,315,10,2,7,8,8,0,0
pizza,AlchTBoxForgetter,3,315,12,2,5,6,4,0,1
pizza,AlchTBoxForgetter,3,315,7,2,7,8,8,0,0
pizza,AlchTBoxForgetter,3,315,6,2,7,8,8,0,0
pizza,AlchTBoxForgetter,3,315,13,2,5,6,4,0,1
pizza,AlchTBoxForgetter,3,315,17,2,7,7,7,0,0
pizza,AlchTBoxForgetter,3,315,2,2,5,5,5,0,0
pizza,AlchTBoxForgetter,3,315,3,2,5,5,5,0,0
pizza,AlchTBoxForgetter,3,315,16,2,5,6,4,0,1
pizza,AlchTBoxForgetter,3,315,14,2,5,6,4,0,1
pizza,AlchTBoxForgetter,3,315,28,2,3,3,2,0,1
pizza,AlchTBoxForgetter,3,315,1,2,3,3,2,0,1
pizza,AlchTBoxForgetter,3,315,0,2,3,2,2,0,1
pizza,AlchTBoxForgetter,3,315,29,2,3,3,2,0,1
pizza,AlchTBoxForgetter,3,315,15,2,5,6,4,0,1
pizza,AlchTBoxForgetter,3,317,0,2,5,5,4,1,1
pizza,AlchTBoxForgetter,3,317,1,2,4,4,4,0,0
pizza,AlchTBoxForgetter,3,318,0,2,1,0,0,0,1
pizza,AlchTBoxForgetter,3,319,0,2,6,7,5,3,1
pizza,AlchTBoxForgetter,3,319,1,2,5,6,6,0,0
pizza,AlchTBoxForgetter,3,320,4,2,2,2,1,0,1
pizza,AlchTBoxForgetter,3,320,5,2,2,2,1,0,1
pizza,AlchTBoxForgetter,3,320,7,2,2,2,1,0,1
pizza,AlchTBoxForgetter,3,320,6,2,2,2,1,0,1
pizza,AlchTBoxForgetter,3,320,2,2,2,2,1,0,1
pizza,AlchTBoxForgetter,3,320,3,2,2,2,1,0,1
pizza,AlchTBoxForgetter,3,320,1,2,2,2,1,0,1
pizza,AlchTBoxForgetter,3,320,0,2,2,1,1,0,1
pizza,AlchTBoxForgetter,3,321,1,2,6,7,7,1,0
pizza,AlchTBoxForgetter,3,321,0,2,7,8,8,1,0
pizza,AlchTBoxForgetter,3,321,2,2,7,8,8,2,0
pizza,AlchTBoxForgetter,3,321,3,2,8,9,9,2,1
pizza,AlchTBoxForgetter,3,322,0,2,6,7,7,0,0
pizza,AlchTBoxForgetter,3,322,1,2,5,6,6,0,0
pizza,AlchTBoxForgetter,3,322,3,2,7,8,8,1,1
pizza,AlchTBoxForgetter,3,322,2,2,6,7,7,0,0
pizza,AlchTBoxForgetter,3,323,0,2,4,3,3,0,1
pizza,AlchTBoxForgetter,3,324,0,2,1,0,0,0,1
pizza,AlchTBoxForgetter,3,325,0,2,3,2,2,0,1
pizza,AlchTBoxForgetter,3,326,0,2,2,1,1,0,1
pizza,AlchTBoxForgetter,3,327,1,2,4,4,4,0,0
pizza,AlchTBoxForgetter,3,327,0,2,5,5,5,1,1
pizza,AlchTBoxForgetter,3,327,2,2,4,4,4,0,0
pizza,AlchTBoxForgetter,3,327,3,2,5,5,4,1,1
pizza,AlchTBoxForgetter,3,328,10,2,8,9,9,0,0
pizza,AlchTBoxForgetter,3,328,11,2,8,9,9,0,0
pizza,AlchTBoxForgetter,3,328,13,2,6,7,5,0,1
pizza,AlchTBoxForgetter,3,328,12,2,8,9,9,0,0
pizza,AlchTBoxForgetter,3,328,16,2,6,6,6,0,0
pizza,AlchTBoxForgetter,3,328,17,2,6,6,6,0,0
pizza,AlchTBoxForgetter,3,328,8,2,6,7,5,0,1
pizza,AlchTBoxForgetter,3,328,15,2,8,9,9,0,0
pizza,AlchTBoxForgetter,3,328,14,2,6,7,5,0,1
pizza,AlchTBoxForgetter,3,328,9,2,6,7,5,0,1
pizza,AlchTBoxForgetter,3,328,4,2,4,4,3,0,1
pizza,AlchTBoxForgetter,3,328,19,2,4,4,3,0,1
pizza,AlchTBoxForgetter,3,328,25,2,4,4,3,0,1
pizza,AlchTBoxForgetter,3,328,24,2,4,4,3,0,1
pizza,AlchTBoxForgetter,3,328,18,2,6,6,6,0,0
pizza,AlchTBoxForgetter,3,328,5,2,4,4,3,0,1
pizza,AlchTBoxForgetter,3,328,7,2,4,4,3,0,1
pizza,AlchTBoxForgetter,3,328,26,2,6,6,5,0,1
pizza,AlchTBoxForgetter,3,328,27,2,8,8,8,0,0
pizza,AlchTBoxForgetter,3,328,6,2,4,4,3,0,1
pizza,AlchTBoxForgetter,3,328,2,2,6,6,6,0,0
pizza,AlchTBoxForgetter,3,328,23,2,4,4,3,0,1
pizza,AlchTBoxForgetter,3,328,22,2,4,4,3,0,1
pizza,AlchTBoxForgetter,3,328,3,2,6,6,6,0,0
pizza,AlchTBoxForgetter,3,328,1,2,4,4,3,0,1
pizza,AlchTBoxForgetter,3,328,20,2,6,7,5,0,1
pizza,AlchTBoxForgetter,3,328,21,2,8,9,9,0,0
pizza,AlchTBoxForgetter,3,328,0,2,4,3,3,0,1
pizza,AlchTBoxForgetter,3,329,27,2,7,7,7,0,0
pizza,AlchTBoxForgetter,3,329,26,2,5,5,4,0,1
pizza,AlchTBoxForgetter,3,329,24,2,3,3,2,0,1
pizza,AlchTBoxForgetter,3,329,18,2,5,5,5,0,0
pizza,AlchTBoxForgetter,3,329,19,2,3,3,2,0,1
pizza,AlchTBoxForgetter,3,329,25,2,3,3,2,0,1
pizza,AlchTBoxForgetter,3,329,21,2,7,8,8,0,0
pizza,AlchTBoxForgetter,3,329,8,2,5,6,4,0,1
pizza,AlchTBoxForgetter,3,329,9,2,5,6,4,0,1
pizza,AlchTBoxForgetter,3,329,20,2,5,6,4,0,1
pizza,AlchTBoxForgetter,3,329,22,2,3,3,2,0,1
pizza,AlchTBoxForgetter,3,329,23,2,3,3,2,0,1
pizza,AlchTBoxForgetter,3,329,12,2,7,8,8,0,0
pizza,AlchTBoxForgetter,3,329,7,2,3,3,2,0,1
pizza,AlchTBoxForgetter,3,329,6,2,3,3,2,0,1
pizza,AlchTBoxForgetter,3,329,13,2,5,6,4,0,1
pizza,AlchTBoxForgetter,3,329,11,2,7,8,8,0,0
pizza,AlchTBoxForgetter,3,329,4,2,3,3,2,0,1
pizza,AlchTBoxForgetter,3,329,5,2,3,3,2,0,1
pizza,AlchTBoxForgetter,3,329,10,2,7,8,8,0,0
pizza,AlchTBoxForgetter,3,329,14,2,5,6,4,0,1
pizza,AlchTBoxForgetter,3,329,1,2,3,3,2,0,1
pizza,AlchTBoxForgetter,3,329,0,2,3,2,2,0,1
pizza,AlchTBoxForgetter,3,329,15,2,7,8,8,0,0
pizza,AlchTBoxForgetter,3,329,17,2,5,5,5,0,0
pizza,AlchTBoxForgetter,3,329,2,2,5,5,5,0,0
pizza,AlchTBoxForgetter,3,329,3,2,5,5,5,0,0
pizza,AlchTBoxForgetter,3,329,16,2,5,5,5,0,0
pizza,AlchTBoxForgetter,3,330,12,2,10,25,25,100,0
pizza,AlchTBoxForgetter,3,330,13,2,11,26,26,100,0
pizza,AlchTBoxForgetter,3,330,11,2,10,25,25,100,0
pizza,AlchTBoxForgetter,3,330,10,2,10,25,25,100,0
pizza,AlchTBoxForgetter,3,330,9,2,10,15,15,23,0
pizza,AlchTBoxForgetter,3,330,14,2,11,26,26,100,0
pizza,AlchTBoxForgetter,3,330,15,2,11,18,18,32,0
pizza,AlchTBoxForgetter,3,330,8,2,9,14,14,23,0
pizza,AlchTBoxForgetter,3,330,17,2,11,18,18,32,0
pizza,AlchTBoxForgetter,3,330,16,2,10,17,17,32,0
pizza,AlchTBoxForgetter,3,330,6,2,10,15,15,23,0
pizza,AlchTBoxForgetter,3,330,7,2,9,14,14,23,0
pizza,AlchTBoxForgetter,3,330,5,2,10,15,15,23,0
pizza,AlchTBoxForgetter,3,330,18,2,10,17,17,32,0
pizza,AlchTBoxForgetter,3,330,19,2,10,17,17,32,0
pizza,AlchTBoxForgetter,3,330,4,2,9,14,14,23,0
pizza,AlchTBoxForgetter,3,330,0,2,11,18,18,32,0
pizza,AlchTBoxForgetter,3,330,1,2,11,26,26,100,0
pizza,AlchTBoxForgetter,3,330,3,2,9,14,14,23,0
pizza,AlchTBoxForgetter,3,330,2,2,10,15,15,23,0
pizza,AlchTBoxForgetter,3,331,0,2,1,0,0,0,1
pizza,AlchTBoxForgetter,3,332,4,2,2,2,1,0,1
pizza,AlchTBoxForgetter,3,332,5,2,2,2,1,0,1
pizza,AlchTBoxForgetter,3,332,2,2,2,2,1,0,1
pizza,AlchTBoxForgetter,3,332,3,2,2,2,1,0,1
pizza,AlchTBoxForgetter,3,332,1,2,2,2,1,0,1
pizza,AlchTBoxForgetter,3,332,0,2,2,1,1,0,1
pizza,AlchTBoxForgetter,3,334,8,2,11,15,15,4,0
pizza,AlchTBoxForgetter,3,334,9,2,11,15,15,4,0
pizza,AlchTBoxForgetter,3,334,10,2,11,15,15,4,0
pizza,AlchTBoxForgetter,3,334,11,2,13,16,10,2,1
pizza,AlchTBoxForgetter,3,334,2,2,13,15,15,2,0
pizza,AlchTBoxForgetter,3,334,3,2,13,15,15,2,0
pizza,AlchTBoxForgetter,3,334,1,2,11,15,15,5,0
pizza,AlchTBoxForgetter,3,334,0,2,11,16,16,7,0
pizza,AlchTBoxForgetter,3,334,4,2,13,15,15,2,0
pizza,AlchTBoxForgetter,3,334,5,2,13,15,15,2,0
pizza,AlchTBoxForgetter,3,334,7,2,11,15,15,4,0
pizza,AlchTBoxForgetter,3,334,6,2,13,15,15,2,0
pizza,AlchTBoxForgetter,3,335,1,2,9,13,13,0,0
pizza,AlchTBoxForgetter,3,335,0,2,9,14,8,0,1
pizza,AlchTBoxForgetter,3,335,2,2,9,13,13,0,0
pizza,AlchTBoxForgetter,3,335,3,2,9,13,13,0,0
pizza,AlchTBoxForgetter,3,335,4,2,9,13,13,0,0
pizza,AlchTBoxForgetter,3,335,5,2,9,13,13,0,0
pizza,AlchTBoxForgetter,3,336,0,2,5,5,5,1,1
pizza,AlchTBoxForgetter,3,336,1,2,4,4,4,0,0
pizza,AlchTBoxForgetter,3,337,9,2,8,9,9,0,0
pizza,AlchTBoxForgetter,3,337,8,2,6,7,5,0,1
pizza,AlchTBoxForgetter,3,337,3,2,6,6,6,0,0
pizza,AlchTBoxForgetter,3,337,2,2,6,6,6,0,0
pizza,AlchTBoxForgetter,3,337,0,2,4,3,3,0,1
pizza,AlchTBoxForgetter,3,337,1,2,4,4,3,0,1
pizza,AlchTBoxForgetter,3,337,5,2,6,7,5,0,1
pizza,AlchTBoxForgetter,3,337,4,2,6,6,5,0,1
pizza,AlchTBoxForgetter,3,337,6,2,8,9,9,0,0
pizza,AlchTBoxForgetter,3,337,7,2,8,8,8,0,0
pizza,AlchTBoxForgetter,3,337,12,2,4,4,3,0,1
pizza,AlchTBoxForgetter,3,337,11,2,4,4,3,0,1
pizza,AlchTBoxForgetter,3,337,10,2,4,4,3,0,1
pizza,AlchTBoxForgetter,3,338,6,2,7,8,8,0,0
pizza,AlchTBoxForgetter,3,338,7,2,7,7,7,0,0
pizza,AlchTBoxForgetter,3,338,5,2,5,6,4,0,1
pizza,AlchTBoxForgetter,3,338,4,2,5,5,4,0,1
pizza,AlchTBoxForgetter,3,338,0,2,3,2,2,0,1
pizza,AlchTBoxForgetter,3,338,1,2,3,3,2,0,1
pizza,AlchTBoxForgetter,3,338,3,2,5,5,5,0,0
pizza,AlchTBoxForgetter,3,338,2,2,5,5,5,0,0
pizza,AlchTBoxForgetter,3,338,12,2,3,3,2,0,1
pizza,AlchTBoxForgetter,3,338,10,2,3,3,2,0,1
pizza,AlchTBoxForgetter,3,338,11,2,3,3,2,0,1
pizza,AlchTBoxForgetter,3,338,9,2,7,8,8,0,0
pizza,AlchTBoxForgetter,3,338,8,2,5,6,4,0,1
pizza,AlchTBoxForgetter,3,339,0,2,1,0,0,0,1
pizza,AlchTBoxForgetter,3,340,0,2,2,1,1,0,1
pizza,AlchTBoxForgetter,3,340,1,2,2,2,1,0,1
pizza,AlchTBoxForgetter,3,340,2,2,2,2,1,0,1
pizza,AlchTBoxForgetter,3,341,2,2,7,12,12,25,0
pizza,AlchTBoxForgetter,3,341,0,2,7,13,12,29,1
pizza,AlchTBoxForgetter,3,341,1,2,7,12,12,25,0
pizza,AlchTBoxForgetter,3,342,4,2,8,12,12,5,0
pizza,AlchTBoxForgetter,3,342,5,2,9,13,9,3,1
pizza,AlchTBoxForgetter,3,342,2,2,9,12,12,4,0
pizza,AlchTBoxForgetter,3,342,3,2,9,12,12,4,0
pizza,AlchTBoxForgetter,3,342,1,2,8,12,12,5,0
pizza,AlchTBoxForgetter,3,342,0,2,8,13,13,5,0
pizza,AlchTBoxForgetter,3,343,1,2,6,10,10,0,0
pizza,AlchTBoxForgetter,3,343,0,2,6,11,6,1,1
pizza,AlchTBoxForgetter,3,343,2,2,6,10,10,0,0
pizza,AlchTBoxForgetter,3,344,0,2,5,4,4,0,1
pizza,AlchTBoxForgetter,3,345,0,2,4,3,3,0,1
pizza,AlchTBoxForgetter,3,346,0,2,1,0,0,0,1
pizza,AlchTBoxForgetter,3,347,0,2,3,2,2,0,1
pizza,AlchTBoxForgetter,3,348,0,2,2,1,1,0,1
pizza,AlchTBoxForgetter,3,349,0,2,4,8,3,5,1
pizza,AlchTBoxForgetter,3,350,0,2,4,3,3,0,1
pizza,AlchTBoxForgetter,3,351,0,2,3,2,2,0,1
pizza,AlchTBoxForgetter,3,352,0,2,2,1,1,0,1
pizza,AlchTBoxForgetter,3,353,0,2,1,0,0,0,1
pizza,AlchTBoxForgetter,3,354,0,2,3,7,2,5,1
pizza,AlchTBoxForgetter,3,355,3,2,5,5,4,1,1
pizza,AlchTBoxForgetter,3,355,2,2,4,4,4,0,0
pizza,AlchTBoxForgetter,3,355,0,2,5,5,5,1,1
pizza,AlchTBoxForgetter,3,355,1,2,4,4,4,0,0
pizza,AlchTBoxForgetter,3,356,8,2,8,9,9,0,0
pizza,AlchTBoxForgetter,3,356,9,2,8,9,9,0,0
pizza,AlchTBoxForgetter,3,356,2,2,6,6,6,0,0
pizza,AlchTBoxForgetter,3,356,3,2,6,6,6,0,0
pizza,AlchTBoxForgetter,3,356,1,2,4,4,3,0,1
pizza,AlchTBoxForgetter,3,356,0,2,4,3,3,0,1
pizza,AlchTBoxForgetter,3,356,4,2,4,4,3,0,1
pizza,AlchTBoxForgetter,3,356,5,2,4,4,3,0,1
pizza,AlchTBoxForgetter,3,356,7,2,6,7,5,0,1
pizza,AlchTBoxForgetter,3,356,6,2,6,7,5,0,1
pizza,AlchTBoxForgetter,3,356,17,2,8,8,8,0,0
pizza,AlchTBoxForgetter,3,356,16,2,6,6,5,0,1
pizza,AlchTBoxForgetter,3,356,14,2,4,4,3,0,1
pizza,AlchTBoxForgetter,3,356,15,2,4,4,3,0,1
pizza,AlchTBoxForgetter,3,356,11,2,4,4,3,0,1
pizza,AlchTBoxForgetter,3,356,10,2,6,6,6,0,0
pizza,AlchTBoxForgetter,3,356,12,2,6,7,5,0,1
pizza,AlchTBoxForgetter,3,356,13,2,8,9,9,0,0
pizza,AlchTBoxForgetter,3,357,8,2,7,8,8,0,0
pizza,AlchTBoxForgetter,3,357,9,2,7,8,8,0,0
pizza,AlchTBoxForgetter,3,357,15,2,3,3,2,0,1
pizza,AlchTBoxForgetter,3,357,14,2,3,3,2,0,1
pizza,AlchTBoxForgetter,3,357,16,2,5,5,4,0,1
pizza,AlchTBoxForgetter,3,357,17,2,7,7,7,0,0
pizza,AlchTBoxForgetter,3,357,13,2,7,8,8,0,0
pizza,AlchTBoxForgetter,3,357,12,2,5,6,4,0,1
pizza,AlchTBoxForgetter,3,357,10,2,5,5,5,0,0
pizza,AlchTBoxForgetter,3,357,11,2,3,3,2,0,1
pizza,AlchTBoxForgetter,3,357,1,2,3,3,2,0,1
pizza,AlchTBoxForgetter,3,357,0,2,3,2,2,0,1
pizza,AlchTBoxForgetter,3,357,2,2,5,5,5,0,0
pizza,AlchTBoxForgetter,3,357,3,2,5,5,5,0,0
pizza,AlchTBoxForgetter,3,357,7,2,5,6,4,0,1
pizza,AlchTBoxForgetter,3,357,6,2,5,6,4,0,1
pizza,AlchTBoxForgetter,3,357,4,2,3,3,2,0,1
pizza,AlchTBoxForgetter,3,357,5,2,3,3,2,0,1
pizza,AlchTBoxForgetter,3,358,1,2,10,17,17,37,0
pizza,AlchTBoxForgetter,3,358,0,2,11,18,18,37,0
pizza,AlchTBoxForgetter,3,359,0,2,1,0,0,0,1
pizza,AlchTBoxForgetter,3,360,3,2,2,2,1,0,1
pizza,AlchTBoxForgetter,3,360,2,2,2,2,1,0,1
pizza,AlchTBoxForgetter,3,360,0,2,2,1,1,0,1
pizza,AlchTBoxForgetter,3,360,1,2,2,2,1,0,1
pizza,AlchTBoxForgetter,3,361,0,2,8,14,13,35,1
pizza,AlchTBoxForgetter,3,361,1,2,8,13,13,30,0
pizza,AlchTBoxForgetter,3,361,3,2,8,13,13,30,0
pizza,AlchTBoxForgetter,3,361,2,2,8,13,13,30,0
pizza,AlchTBoxForgetter,3,362,1,2,9,13,13,4,0
pizza,AlchTBoxForgetter,3,362,0,2,9,14,14,7,0
pizza,AlchTBoxForgetter,3,362,2,2,10,13,13,8,0
pizza,AlchTBoxForgetter,3,362,3,2,10,13,13,8,0
pizza,AlchTBoxForgetter,3,362,7,2,10,14,8,9,1
pizza,AlchTBoxForgetter,3,362,6,2,9,13,13,4,0
pizza,AlchTBoxForgetter,3,362,4,2,10,13,13,8,0
pizza,AlchTBoxForgetter,3,362,5,2,9,13,13,4,0
pizza,AlchTBoxForgetter,3,363,2,2,7,11,11,0,0
pizza,AlchTBoxForgetter,3,363,3,2,7,11,11,0,0
pizza,AlchTBoxForgetter,3,363,1,2,7,11,11,0,0
pizza,AlchTBoxForgetter,3,363,0,2,7,12,6,0,1
pizza,AlchTBoxForgetter,3,364,0,2,4,3,3,0,1
pizza,AlchTBoxForgetter,3,365,0,2,3,2,2,0,1
pizza,AlchTBoxForgetter,3,366,0,2,1,0,0,0,1
pizza,AlchTBoxForgetter,3,367,0,2,2,1,1,0,1
pizza,AlchTBoxForgetter,3,368,0,2,3,7,2,5,1
pizza,AlchTBoxForgetter,3,369,0,2,3,2,2,0,1
pizza,AlchTBoxForgetter,3,370,0,2,2,1,1,0,1
pizza,AlchTBoxForgetter,3,371,0,2,1,0,0,0,1
pizza,AlchTBoxForgetter,3,372,0,2,2,6,2,0,1
pizza,AlchTBoxForgetter,3,373,0,2,5,5,4,1,1
pizza,AlchTBoxForgetter,3,373,1,2,4,4,4,0,0
pizza,AlchTBoxForgetter,3,374,35,2,4,4,3,0,1
pizza,AlchTBoxForgetter,3,374,21,2,8,9,9,0,0
pizza,AlchTBoxForgetter,3,374,20,2,6,7,5,0,1
pizza,AlchTBoxForgetter,3,374,34,2,4,4,3,0,1
pizza,AlchTBoxForgetter,3,374,22,2,6,6,6,0,0
pizza,AlchTBoxForgetter,3,374,36,2,6,6,5,0,1
pizza,AlchTBoxForgetter,3,374,37,2,8,8,8,0,0
pizza,AlchTBoxForgetter,3,374,23,2,6,6,6,0,0
pizza,AlchTBoxForgetter,3,374,27,2,4,4,3,0,1
pizza,AlchTBoxForgetter,3,374,33,2,4,4,3,0,1
pizza,AlchTBoxForgetter,3,374,32,2,4,4,3,0,1
pizza,AlchTBoxForgetter,3,374,26,2,6,6,6,0,0
pizza,AlchTBoxForgetter,3,374,18,2,6,7,5,0,1
pizza,AlchTBoxForgetter,3,374,30,2,4,4,3,0,1
pizza,AlchTBoxForgetter,3,374,24,2,6,6,6,0,0
pizza,AlchTBoxForgetter,3,374,9,2,4,4,3,0,1
pizza,AlchTBoxForgetter,3,374,8,2,4,4,3,0,1
pizza,AlchTBoxForgetter,3,374,25,2,6,6,6,0,0
pizza,AlchTBoxForgetter,3,374,31,2,4,4,3,0,1
pizza,AlchTBoxForgetter,3,374,19,2,6,7,5,0,1
pizza,AlchTBoxForgetter,3,374,14,2,8,9,9,0,0
pizza,AlchTBoxForgetter,3,374,28,2,6,7,5,0,1
pizza,AlchTBoxForgetter,3,374,5,2,4,4,3,0,1
pizza,AlchTBoxForgetter,3,374,4,2,4,4,3,0,1
pizza,AlchTBoxForgetter,3,374,29,2,8,9,9,0,0
pizza,AlchTBoxForgetter,3,374,15,2,8,9,9,0,0
pizza,AlchTBoxForgetter,3,374,17,2,6,7,5,0,1
pizza,AlchTBoxForgetter,3,374,6,2,4,4,3,0,1
pizza,AlchTBoxForgetter,3,374,7,2,4,4,3,0,1
pizza,AlchTBoxForgetter,3,374,16,2,8,9,9,0,0
pizza,AlchTBoxForgetter,3,374,12,2,8,9,9,0,0
pizza,AlchTBoxForgetter,3,374,3,2,6,6,6,0,0
pizza,AlchTBoxForgetter,3,374,2,2,6,6,6,0,0
pizza,AlchTBoxForgetter,3,374,13,2,8,9,9,0,0
pizza,AlchTBoxForgetter,3,374,11,2,6,7,5,0,1
pizza,AlchTBoxForgetter,3,374,0,2,4,3,3,0,1
pizza,AlchTBoxForgetter,3,374,1,2,4,4,3,0,1
pizza,AlchTBoxForgetter,3,374,10,2,6,7,5,0,1
pizza,AlchTBoxForgetter,3,375,16,2,7,8,8,0,0
pizza,AlchTBoxForgetter,3,375,17,2,5,6,4,0,1
pizza,AlchTBoxForgetter,3,375,29,2,7,8,8,0,0
pizza,AlchTBoxForgetter,3,375,15,2,7,8,8,0,0
pizza,AlchTBoxForgetter,3,375,14,2,7,8,8,0,0
pizza,AlchTBoxForgetter,3,375,28,2,5,6,4,0,1
pizza,AlchTBoxForgetter,3,375,10,2,5,6,4,0,1
pizza,AlchTBoxForgetter,3,375,9,2,3,3,2,0,1
pizza,AlchTBoxForgetter,3,375,8,2,3,3,2,0,1
pizza,AlchTBoxForgetter,3,375,11,2,5,6,4,0,1
pizza,AlchTBoxForgetter,3,375,13,2,7,8,8,0,0
pizza,AlchTBoxForgetter,3,375,12,2,5,6,4,0,1
pizza,AlchTBoxForgetter,3,375,6,2,3,3,2,0,1
pizza,AlchTBoxForgetter,3,375,23,2,5,5,5,0,0
pizza,AlchTBoxForgetter,3,375,37,2,7,7,7,0,0
pizza,AlchTBoxForgetter,3,375,36,2,5,5,4,0,1
pizza,AlchTBoxForgetter,3,375,22,2,5,5,5,0,0
pizza,AlchTBoxForgetter,3,375,7,2,3,3,2,0,1
pizza,AlchTBoxForgetter,3,375,5,2,3,3,2,0,1
pizza,AlchTBoxForgetter,3,375,34,2,3,3,2,0,1
pizza,AlchTBoxForgetter,3,375,20,2,7,8,8,0,0
pizza,AlchTBoxForgetter,3,375,21,2,7,8,8,0,0
pizza,AlchTBoxForgetter,3,375,35,2,3,3,2,0,1
pizza,AlchTBoxForgetter,3,375,4,2,3,3,2,0,1
pizza,AlchTBoxForgetter,3,375,31,2,3,3,2,0,1
pizza,AlchTBoxForgetter,3,375,25,2,5,5,5,0,0
pizza,AlchTBoxForgetter,3,375,19,2,5,6,4,0,1
pizza,AlchTBoxForgetter,3,375,0,2,3,2,2,0,1
pizza,AlchTBoxForgetter,3,375,1,2,3,3,2,0,1
pizza,AlchTBoxForgetter,3,375,18,2,5,6,4,0,1
pizza,AlchTBoxForgetter,3,375,24,2,5,5,5,0,0
pizza,AlchTBoxForgetter,3,375,30,2,3,3,2,0,1
pizza,AlchTBoxForgetter,3,375,26,2,5,5,5,0,0
pizza,AlchTBoxForgetter,3,375,32,2,3,3,2,0,1
pizza,AlchTBoxForgetter,3,375,3,2,5,5,5,0,0
pizza,AlchTBoxForgetter,3,375,2,2,5,5,5,0,0
pizza,AlchTBoxForgetter,3,375,33,2,3,3,2,0,1
pizza,AlchTBoxForgetter,3,375,27,2,3,3,2,0,1
pizza,AlchTBoxForgetter,3,377,1,2,4,4,4,0,0
pizza,AlchTBoxForgetter,3,377,0,2,5,5,5,1,1
pizza,AlchTBoxForgetter,3,378,0,2,1,0,0,0,1
pizza,AlchTBoxForgetter,3,379,2,2,5,6,6,0,0
pizza,AlchTBoxForgetter,3,379,3,2,6,7,5,3,1
pizza,AlchTBoxForgetter,3,379,1,2,5,6,6,0,0
pizza,AlchTBoxForgetter,3,379,0,2,6,7,6,3,1
pizza,AlchTBoxForgetter,3,380,6,2,2,2,1,0,1
pizza,AlchTBoxForgetter,3,380,7,2,2,2,1,0,1
pizza,AlchTBoxForgetter,3,380,5,2,2,2,1,0,1
pizza,AlchTBoxForgetter,3,380,4,2,2,2,1,0,1
pizza,AlchTBoxForgetter,3,380,0,2,2,1,1,0,1
pizza,AlchTBoxForgetter,3,380,1,2,2,2,1,0,1
pizza,AlchTBoxForgetter,3,380,3,2,2,2,1,0,1
pizza,AlchTBoxForgetter,3,380,2,2,2,2,1,0,1
pizza,AlchTBoxForgetter,3,381,0,2,5,4,4,0,1
pizza,AlchTBoxForgetter,3,382,0,2,4,3,3,0,1
pizza,AlchTBoxForgetter,3,383,0,2,3,2,2,0,1
pizza,AlchTBoxForgetter,3,384,0,2,1,0,0,0,1
pizza,AlchTBoxForgetter,3,385,0,2,2,1,1,0,1
pizza,AlchTBoxForgetter,3,386,0,2,4,8,3,5,1
pizza,AlchTBoxForgetter,3,387,0,2,5,5,4,1,1
pizza,AlchTBoxForgetter,3,387,1,2,4,4,4,0,0
pizza,AlchTBoxForgetter,3,388,10,2,6,7,5,0,1
pizza,AlchTBoxForgetter,3,388,11,2,6,7,5,0,1
pizza,AlchTBoxForgetter,3,388,13,2,8,8,8,0,0
pizza,AlchTBoxForgetter,3,388,12,2,6,7,5,0,1
pizza,AlchTBoxForgetter,3,388,9,2,8,9,9,0,0
pizza,AlchTBoxForgetter,3,388,16,2,6,6,6,0,0
pizza,AlchTBoxForgetter,3,388,17,2,6,7,5,0,1
pizza,AlchTBoxForgetter,3,388,8,2,8,9,9,0,0
pizza,AlchTBoxForgetter,3,388,15,2,6,6,6,0,0
pizza,AlchTBoxForgetter,3,388,14,2,6,6,6,0,0
pizza,AlchTBoxForgetter,3,388,6,2,8,9,9,0,0
pizza,AlchTBoxForgetter,3,388,19,2,4,4,3,0,1
pizza,AlchTBoxForgetter,3,388,25,2,4,4,3,0,1
pizza,AlchTBoxForgetter,3,388,24,2,4,4,3,0,1
pizza,AlchTBoxForgetter,3,388,18,2,8,9,9,0,0
pizza,AlchTBoxForgetter,3,388,7,2,8,9,9,0,0
pizza,AlchTBoxForgetter,3,388,5,2,6,7,5,0,1
pizza,AlchTBoxForgetter,3,388,26,2,4,4,3,0,1
pizza,AlchTBoxForgetter,3,388,27,2,4,4,3,0,1
pizza,AlchTBoxForgetter,3,388,4,2,6,6,5,0,1
pizza,AlchTBoxForgetter,3,388,0,2,4,3,3,0,1
pizza,AlchTBoxForgetter,3,388,23,2,4,4,3,0,1
pizza,AlchTBoxForgetter,3,388,22,2,4,4,3,0,1
pizza,AlchTBoxForgetter,3,388,1,2,4,4,3,0,1
pizza,AlchTBoxForgetter,3,388,3,2,6,6,6,0,0
pizza,AlchTBoxForgetter,3,388,20,2,4,4,3,0,1
pizza,AlchTBoxForgetter,3,388,21,2,4,4,3,0,1
pizza,AlchTBoxForgetter,3,388,2,2,6,6,6,0,0
pizza,AlchTBoxForgetter,3,389,27,2,3,3,2,0,1
pizza,AlchTBoxForgetter,3,389,26,2,3,3,2,0,1
pizza,AlchTBoxForgetter,3,389,24,2,3,3,2,0,1
pizza,AlchTBoxForgetter,3,389,18,2,7,8,8,0,0
pizza,AlchTBoxForgetter,3,389,19,2,3,3,2,0,1
pizza,AlchTBoxForgetter,3,389,25,2,3,3,2,0,1
pizza,AlchTBoxForgetter,3,389,21,2,3,3,2,0,1
pizza,AlchTBoxForgetter,3,389,20,2,3,3,2,0,1
pizza,AlchTBoxForgetter,3,389,22,2,3,3,2,0,1
pizza,AlchTBoxForgetter,3,389,9,2,7,8,8,0,0
pizza,AlchTBoxForgetter,3,389,8,2,7,8,8,0,0
pizza,AlchTBoxForgetter,3,389,23,2,3,3,2,0,1
pizza,AlchTBoxForgetter,3,389,12,2,5,6,4,0,1
pizza,AlchTBoxForgetter,3,389,5,2,5,6,4,0,1
pizza,AlchTBoxForgetter,3,389,4,2,5,5,4,0,1
pizza,AlchTBoxForgetter,3,389,13,2,7,7,7,0,0
pizza,AlchTBoxForgetter,3,389,11,2,5,6,4,0,1
pizza,AlchTBoxForgetter,3,389,6,2,7,8,8,0,0
pizza,AlchTBoxForgetter,3,389,7,2,7,8,8,0,0
pizza,AlchTBoxForgetter,3,389,10,2,5,6,4,0,1
pizza,AlchTBoxForgetter,3,389,14,2,5,5,5,0,0
pizza,AlchTBoxForgetter,3,389,3,2,5,5,5,0,0
pizza,AlchTBoxForgetter,3,389,2,2,5,5,5,0,0
pizza,AlchTBoxForgetter,3,389,15,2,5,5,5,0,0
pizza,AlchTBoxForgetter,3,389,17,2,5,6,4,0,1
pizza,AlchTBoxForgetter,3,389,0,2,3,2,2,0,1
pizza,AlchTBoxForgetter,3,389,1,2,3,3,2,0,1
pizza,AlchTBoxForgetter,3,389,16,2,5,5,5,0,0
pizza,AlchTBoxForgetter,3,391,1,2,4,4,4,0,0
pizza,AlchTBoxForgetter,3,391,0,2,5,5,5,1,1
pizza,AlchTBoxForgetter,3,392,0,2,1,0,0,0,1
pizza,AlchTBoxForgetter,3,393,0,2,6,7,6,3,1
pizza,AlchTBoxForgetter,3,393,1,2,5,6,6,0,0
pizza,AlchTBoxForgetter,3,394,0,2,2,1,1,0,1
pizza,AlchTBoxForgetter,3,394,1,2,2,2,1,0,1
pizza,AlchTBoxForgetter,3,394,3,2,2,2,1,0,1
pizza,AlchTBoxForgetter,3,394,2,2,2,2,1,0,1
pizza,AlchTBoxForgetter,3,394,5,2,2,2,1,0,1
pizza,AlchTBoxForgetter,3,394,4,2,2,2,1,0,1
pizza,AlchTBoxForgetter,3,395,3,2,8,9,9,2,1
pizza,AlchTBoxForgetter,3,395,2,2,7,8,8,2,0
pizza,AlchTBoxForgetter,3,395,0,2,7,8,8,1,0
pizza,AlchTBoxForgetter,3,395,1,2,6,7,7,1,0
pizza,AlchTBoxForgetter,3,396,2,2,6,7,7,0,0
pizza,AlchTBoxForgetter,3,396,3,2,7,8,8,1,1
pizza,AlchTBoxForgetter,3,396,1,2,5,6,6,0,0
pizza,AlchTBoxForgetter,3,396,0,2,6,7,7,0,0
pizza,AlchTBoxForgetter,3,397,1,2,4,4,4,0,0
pizza,AlchTBoxForgetter,3,397,0,2,5,5,5,1,1
pizza,AlchTBoxForgetter,3,397,2,2,4,4,4,0,0
pizza,AlchTBoxForgetter,3,397,3,2,5,5,4,1,1
pizza,AlchTBoxForgetter,3,398,29,2,4,4,3,0,1
pizza,AlchTBoxForgetter,3,398,15,2,8,8,8,0,0
pizza,AlchTBoxForgetter,3,398,14,2,6,7,5,0,1
pizza,AlchTBoxForgetter,3,398,28,2,4,4,3,0,1
pizza,AlchTBoxForgetter,3,398,16,2,6,6,6,0,0
pizza,AlchTBoxForgetter,3,398,17,2,6,6,6,0,0
pizza,AlchTBoxForgetter,3,398,13,2,6,7,5,0,1
pizza,AlchTBoxForgetter,3,398,12,2,6,7,5,0,1
pizza,AlchTBoxForgetter,3,398,10,2,8,9,9,0,0
pizza,AlchTBoxForgetter,3,398,11,2,6,7,5,0,1
pizza,AlchTBoxForgetter,3,398,4,2,6,6,5,0,1
pizza,AlchTBoxForgetter,3,398,5,2,6,7,5,0,1
pizza,AlchTBoxForgetter,3,398,7,2,8,9,9,0,0
pizza,AlchTBoxForgetter,3,398,6,2,8,9,9,0,0
pizza,AlchTBoxForgetter,3,398,2,2,6,6,6,0,0
pizza,AlchTBoxForgetter,3,398,3,2,6,6,6,0,0
pizza,AlchTBoxForgetter,3,398,1,2,4,4,3,0,1
pizza,AlchTBoxForgetter,3,398,0,2,4,3,3,0,1
pizza,AlchTBoxForgetter,3,398,8,2,8,9,9,0,0
pizza,AlchTBoxForgetter,3,398,9,2,8,9,9,0,0
pizza,AlchTBoxForgetter,3,398,20,2,6,7,5,0,1
pizza,AlchTBoxForgetter,3,398,21,2,8,9,9,0,0
pizza,AlchTBoxForgetter,3,398,23,2,4,4,3,0,1
pizza,AlchTBoxForgetter,3,398,22,2,4,4,3,0,1
pizza,AlchTBoxForgetter,3,398,32,2,4,4,3,0,1
pizza,AlchTBoxForgetter,3,398,26,2,4,4,3,0,1
pizza,AlchTBoxForgetter,3,398,27,2,4,4,3,0,1
pizza,AlchTBoxForgetter,3,398,25,2,4,4,3,0,1
pizza,AlchTBoxForgetter,3,398,31,2,4,4,3,0,1
pizza,AlchTBoxForgetter,3,398,19,2,6,6,6,0,0
pizza,AlchTBoxForgetter,3,398,18,2,6,6,6,0,0
pizza,AlchTBoxForgetter,3,398,30,2,4,4,3,0,1
pizza,AlchTBoxForgetter,3,398,24,2,4,4,3,0,1
pizza,AlchTBoxForgetter,3,399,7,2,7,8,8,0,0
pizza,AlchTBoxForgetter,3,399,6,2,7,8,8,0,0
pizza,AlchTBoxForgetter,3,399,4,2,5,5,4,0,1
pizza,AlchTBoxForgetter,3,399,5,2,5,6,4,0,1
pizza,AlchTBoxForgetter,3,399,1,2,3,3,2,0,1
pizza,AlchTBoxForgetter,3,399,0,2,3,2,2,0,1
pizza,AlchTBoxForgetter,3,399,2,2,5,5,5,0,0
pizza,AlchTBoxForgetter,3,399,3,2,5,5,5,0,0
pizza,AlchTBoxForgetter,3,399,22,2,3,3,2,0,1
pizza,AlchTBoxForgetter,3,399,23,2,3,3,2,0,1
pizza,AlchTBoxForgetter,3,399,21,2,7,8,8,0,0
pizza,AlchTBoxForgetter,3,399,20,2,5,6,4,0,1
pizza,AlchTBoxForgetter,3,399,18,2,5,5,5,0,0
pizza,AlchTBoxForgetter,3,399,24,2,3,3,2,0,1
pizza,AlchTBoxForgetter,3,399,30,2,3,3,2,0,1
pizza,AlchTBoxForgetter,3,399,31,2,3,3,2,0,1
pizza,AlchTBoxForgetter,3,399,25,2,3,3,2,0,1
pizza,AlchTBoxForgetter,3,399,19,2,5,5,5,0,0
pizza,AlchTBoxForgetter,3,399,27,2,3,3,2,0,1
pizza,AlchTBoxForgetter,3,399,26,2,3,3,2,0,1
pizza,AlchTBoxForgetter,3,399,32,2,3,3,2,0,1
pizza,AlchTBoxForgetter,3,399,17,2,5,5,5,0,0
pizza,AlchTBoxForgetter,3,399,16,2,5,5,5,0,0
pizza,AlchTBoxForgetter,3,399,14,2,5,6,4,0,1
pizza,AlchTBoxForgetter,3,399,28,2,3,3,2,0,1
pizza,AlchTBoxForgetter,3,399,29,2,3,3,2,0,1
pizza,AlchTBoxForgetter,3,399,15,2,7,7,7,0,0
pizza,AlchTBoxForgetter,3,399,11,2,5,6,4,0,1
pizza,AlchTBoxForgetter,3,399,10,2,7,8,8,0,0
pizza,AlchTBoxForgetter,3,399,12,2,5,6,4,0,1
pizza,AlchTBoxForgetter,3,399,13,2,5,6,4,0,1
pizza,AlchTBoxForgetter,3,399,8,2,7,8,8,0,0
pizza,AlchTBoxForgetter,3,399,9,2,7,8,8,0,0
pizza,AlchTBoxForgetter,3,401,0,2,1,0,0,0,1
pizza,AlchTBoxForgetter,3,402,1,2,2,2,1,0,1
pizza,AlchTBoxForgetter,3,402,0,2,2,1,1,0,1
pizza,AlchTBoxForgetter,3,402,2,2,2,2,1,0,1
pizza,AlchTBoxForgetter,3,402,3,2,2,2,1,0,1
pizza,AlchTBoxForgetter,3,402,6,2,2,2,1,0,1
pizza,AlchTBoxForgetter,3,402,4,2,2,2,1,0,1
pizza,AlchTBoxForgetter,3,402,5,2,2,2,1,0,1
pizza,AlchTBoxForgetter,3,403,2,2,11,16,16,55,0
pizza,AlchTBoxForgetter,3,403,3,2,11,16,16,55,0
pizza,AlchTBoxForgetter,3,403,1,2,11,16,16,55,0
pizza,AlchTBoxForgetter,3,403,0,2,11,17,16,55,1
pizza,AlchTBoxForgetter,3,403,4,2,11,16,16,47,0
pizza,AlchTBoxForgetter,3,403,5,2,11,16,16,55,0
pizza,AlchTBoxForgetter,3,403,6,2,11,16,16,55,0
pizza,AlchTBoxForgetter,3,404,8,2,12,16,16,7,0
pizza,AlchTBoxForgetter,3,404,9,2,12,16,16,7,0
pizza,AlchTBoxForgetter,3,404,10,2,12,16,16,7,0
pizza,AlchTBoxForgetter,3,404,11,2,12,16,16,7,0
pizza,AlchTBoxForgetter,3,404,13,2,13,17,10,10,1
pizza,AlchTBoxForgetter,3,404,12,2,12,16,16,7,0
pizza,AlchTBoxForgetter,3,404,7,2,13,16,16,10,0
pizza,AlchTBoxForgetter,3,404,6,2,13,16,16,10,0
pizza,AlchTBoxForgetter,3,404,4,2,13,16,16,10,0
pizza,AlchTBoxForgetter,3,404,5,2,13,16,16,10,0
pizza,AlchTBoxForgetter,3,404,1,2,12,16,16,7,0
pizza,AlchTBoxForgetter,3,404,0,2,12,17,17,7,0
pizza,AlchTBoxForgetter,3,404,2,2,13,16,16,10,0
pizza,AlchTBoxForgetter,3,404,3,2,13,16,16,10,0
pizza,AlchTBoxForgetter,3,405,4,2,10,14,14,0,0
pizza,AlchTBoxForgetter,3,405,5,2,10,14,14,0,0
pizza,AlchTBoxForgetter,3,405,6,2,10,14,14,0,0
pizza,AlchTBoxForgetter,3,405,2,2,10,14,14,0,0
pizza,AlchTBoxForgetter,3,405,3,2,10,14,14,0,0
pizza,AlchTBoxForgetter,3,405,1,2,10,14,14,0,0
pizza,AlchTBoxForgetter,3,405,0,2,10,15,8,0,1
pizza,AlchTBoxForgetter,3,406,0,2,1,0,0,0,1
pizza,AlchTBoxForgetter,3,407,0,2,4,3,3,0,1
pizza,AlchTBoxForgetter,3,408,0,2,3,2,2,0,1
pizza,AlchTBoxForgetter,3,409,0,2,2,1,1,0,1
pizza,AlchTBoxForgetter,3,410,0,2,1,0,0,0,1
pizza,AlchTBoxForgetter,3,411,0,2,3,7,2,5,1
pizza,AlchTBoxForgetter,3,412,0,2,4,3,3,0,1
pizza,AlchTBoxForgetter,3,413,0,2,3,2,2,0,1
pizza,AlchTBoxForgetter,3,414,0,2,1,0,0,0,1
pizza,AlchTBoxForgetter,3,415,0,2,2,1,1,0,1
pizza,AlchTBoxForgetter,3,416,0,2,3,7,2,5,1
pizza,AlchTBoxForgetter,3,417,0,2,5,4,4,0,1
pizza,AlchTBoxForgetter,3,418,0,2,4,3,3,0,1
pizza,AlchTBoxForgetter,3,419,0,2,3,2,2,0,1
pizza,AlchTBoxForgetter,3,420,0,2,1,0,0,0,1
pizza,AlchTBoxForgetter,3,421,0,2,2,1,1,0,1
pizza,AlchTBoxForgetter,3,422,0,2,4,8,3,5,1
pizza,AlchTBoxForgetter,3,423,0,2,5,4,4,0,1
pizza,AlchTBoxForgetter,3,424,0,2,4,3,3,0,1
pizza,AlchTBoxForgetter,3,425,0,2,1,0,0,0,1
pizza,AlchTBoxForgetter,3,426,0,2,3,2,2,0,1
pizza,AlchTBoxForgetter,3,427,0,2,2,1,1,0,1
pizza,AlchTBoxForgetter,3,428,0,2,4,8,3,5,1
pizza,AlchTBoxForgetter,3,429,0,2,3,2,2,0,1
pizza,AlchTBoxForgetter,3,430,0,2,2,1,1,0,1
pizza,AlchTBoxForgetter,3,431,0,2,1,0,0,0,1
pizza,AlchTBoxForgetter,3,432,0,2,4,3,3,0,1
pizza,AlchTBoxForgetter,3,433,0,2,3,2,2,0,1
pizza,AlchTBoxForgetter,3,434,0,2,2,1,1,0,1
pizza,AlchTBoxForgetter,3,435,0,2,1,0,0,0,1
pizza,AlchTBoxForgetter,3,436,0,2,4,4,4,2,1
pizza,AlchTBoxForgetter,3,437,0,2,3,7,2,5,1
pizza,AlchTBoxForgetter,3,438,0,2,4,3,3,0,1
pizza,AlchTBoxForgetter,3,439,0,2,3,2,2,0,1
pizza,AlchTBoxForgetter,3,440,0,2,2,1,1,0,1
pizza,AlchTBoxForgetter,3,441,0,2,1,0,0,0,1
pizza,AlchTBoxForgetter,3,442,0,2,3,7,2,5,1
pizza,AlchTBoxForgetter,3,443,0,2,4,4,3,1,1
pizza,AlchTBoxForgetter,3,443,1,2,4,4,4,0,0
pizza,AlchTBoxForgetter,3,444,0,2,3,2,2,0,1
pizza,AlchTBoxForgetter,3,444,1,2,4,4,3,0,1
pizza,AlchTBoxForgetter,3,444,3,2,5,5,4,0,1
pizza,AlchTBoxForgetter,3,444,2,2,6,6,6,0,0
pizza,AlchTBoxForgetter,3,444,6,2,8,9,9,0,0
pizza,AlchTBoxForgetter,3,444,7,2,4,4,3,0,1
pizza,AlchTBoxForgetter,3,444,5,2,6,7,5,0,1
pizza,AlchTBoxForgetter,3,444,4,2,7,7,7,0,0
pizza,AlchTBoxForgetter,3,445,3,2,4,4,3,0,1
pizza,AlchTBoxForgetter,3,445,2,2,5,5,5,0,0
pizza,AlchTBoxForgetter,3,445,0,2,2,1,1,0,1
pizza,AlchTBoxForgetter,3,445,1,2,3,3,2,0,1
pizza,AlchTBoxForgetter,3,445,5,2,5,6,4,0,1
pizza,AlchTBoxForgetter,3,445,4,2,6,6,6,0,0
pizza,AlchTBoxForgetter,3,445,6,2,7,8,8,0,0
pizza,AlchTBoxForgetter,3,445,7,2,3,3,2,0,1
pizza,AlchTBoxForgetter,3,446,1,2,2,2,1,0,1
pizza,AlchTBoxForgetter,3,446,0,2,1,0,0,0,1
pizza,AlchTBoxForgetter,3,447,0,2,3,2,2,0,1
pizza,AlchTBoxForgetter,3,448,0,2,2,1,1,0,1
pizza,AlchTBoxForgetter,3,449,0,2,1,0,0,0,1
pizza,AlchTBoxForgetter,3,450,0,2,2,6,2,0,1
pizza,AlchTBoxForgetter,3,451,0,2,5,5,4,1,1
pizza,AlchTBoxForgetter,3,451,1,2,4,4,4,0,0
pizza,AlchTBoxForgetter,3,453,14,2,7,8,8,0,0
pizza,AlchTBoxForgetter,3,453,7,2,3,3,2,0,1
pizza,AlchTBoxForgetter,3,453,28,2,5,6,4,0,1
pizza,AlchTBoxForgetter,3,453,29,2,7,8,8,0,0
pizza,AlchTBoxForgetter,3,453,6,2,3,3,2,0,1
pizza,AlchTBoxForgetter,3,453,15,2,7,8,8,0,0
pizza,AlchTBoxForgetter,3,453,4,2,3,3,2,0,1
pizza,AlchTBoxForgetter,3,453,17,2,7,8,8,0,0
pizza,AlchTBoxForgetter,3,453,16,2,7,8,8,0,0
pizza,AlchTBoxForgetter,3,453,5,2,3,3,2,0,1
pizza,AlchTBoxForgetter,3,453,1,2,3,3,2,0,1
pizza,AlchTBoxForgetter,3,453,12,2,5,6,4,0,1
pizza,AlchTBoxForgetter,3,453,13,2,7,8,8,0,0
pizza,AlchTBoxForgetter,3,453,0,2,3,2,2,0,1
pizza,AlchTBoxForgetter,3,453,11,2,5,6,4,0,1
pizza,AlchTBoxForgetter,3,453,2,2,5,5,5,0,0
pizza,AlchTBoxForgetter,3,453,3,2,3,3,2,0,1
pizza,AlchTBoxForgetter,3,453,10,2,5,5,5,0,0
pizza,AlchTBoxForgetter,3,453,35,2,3,3,2,0,1
pizza,AlchTBoxForgetter,3,453,21,2,5,6,4,0,1
pizza,AlchTBoxForgetter,3,453,20,2,5,6,4,0,1
pizza,AlchTBoxForgetter,3,453,34,2,3,3,2,0,1
pizza,AlchTBoxForgetter,3,453,22,2,7,8,8,0,0
pizza,AlchTBoxForgetter,3,453,36,2,5,5,4,0,1
pizza,AlchTBoxForgetter,3,453,37,2,7,7,7,0,0
pizza,AlchTBoxForgetter,3,453,23,2,5,5,5,0,0
pizza,AlchTBoxForgetter,3,453,8,2,3,3,2,0,1
pizza,AlchTBoxForgetter,3,453,27,2,5,5,5,0,0
pizza,AlchTBoxForgetter,3,453,33,2,3,3,2,0,1
pizza,AlchTBoxForgetter,3,453,32,2,3,3,2,0,1
pizza,AlchTBoxForgetter,3,453,26,2,5,5,5,0,0
pizza,AlchTBoxForgetter,3,453,9,2,3,3,2,0,1
pizza,AlchTBoxForgetter,3,453,18,2,5,6,4,0,1
pizza,AlchTBoxForgetter,3,453,30,2,3,3,2,0,1
pizza,AlchTBoxForgetter,3,453,24,2,5,5,5,0,0
pizza,AlchTBoxForgetter,3,453,25,2,5,5,5,0,0
pizza,AlchTBoxForgetter,3,453,31,2,3,3,2,0,1
pizza,AlchTBoxForgetter,3,453,19,2,5,6,4,0,1
pizza,AlchTBoxForgetter,3,455,0,2,1,0,0,0,1
pizza,AlchTBoxForgetter,3,456,0,2,2,1,1,0,1
pizza,AlchTBoxForgetter,3,456,1,2,2,2,1,0,1
pizza,AlchTBoxForgetter,3,456,3,2,2,2,1,0,1
pizza,AlchTBoxForgetter,3,456,2,2,2,2,1,0,1
pizza,AlchTBoxForgetter,3,456,6,2,2,2,1,0,1
pizza,AlchTBoxForgetter,3,456,7,2,2,2,1,0,1
pizza,AlchTBoxForgetter,3,456,5,2,2,2,1,0,1
pizza,AlchTBoxForgetter,3,456,4,2,2,2,1,0,1
pizza,AlchTBoxForgetter,3,457,3,2,4,5,5,0,0
pizza,AlchTBoxForgetter,3,457,2,2,4,5,5,0,0
pizza,AlchTBoxForgetter,3,457,0,2,4,4,4,0,0
pizza,AlchTBoxForgetter,3,457,1,2,4,5,5,0,0
pizza,AlchTBoxForgetter,3,457,5,2,4,5,5,0,0
pizza,AlchTBoxForgetter,3,457,4,2,4,5,5,0,0
pizza,AlchTBoxForgetter,3,457,6,2,4,5,5,0,0
pizza,AlchTBoxForgetter,3,457,7,2,4,5,5,0,0
pizza,AlchTBoxForgetter,3,458,6,2,6,8,8,0,0
pizza,AlchTBoxForgetter,3,458,7,2,6,8,8,0,0
pizza,AlchTBoxForgetter,3,458,5,2,6,8,8,0,0
pizza,AlchTBoxForgetter,3,458,4,2,6,8,8,0,0
pizza,AlchTBoxForgetter,3,458,0,2,6,7,7,0,0
pizza,AlchTBoxForgetter,3,458,1,2,6,8,8,0,0
pizza,AlchTBoxForgetter,3,458,3,2,6,8,8,0,0
pizza,AlchTBoxForgetter,3,458,2,2,6,8,8,0,0
pizza,AlchTBoxForgetter,3,459,5,2,12,17,17,47,0
pizza,AlchTBoxForgetter,3,459,4,2,12,17,17,47,0
pizza,AlchTBoxForgetter,3,459,6,2,12,17,17,47,0
pizza,AlchTBoxForgetter,3,459,7,2,12,17,17,47,0
pizza,AlchTBoxForgetter,3,459,3,2,12,17,17,47,0
pizza,AlchTBoxForgetter,3,459,2,2,12,17,17,47,0
pizza,AlchTBoxForgetter,3,459,0,2,12,18,17,47,1
pizza,AlchTBoxForgetter,3,459,1,2,12,17,17,47,0
pizza,AlchTBoxForgetter,3,460,8,2,16,17,17,10,0
pizza,AlchTBoxForgetter,3,460,9,2,13,17,17,7,0
pizza,AlchTBoxForgetter,3,460,1,2,16,18,13,10,1
pizza,AlchTBoxForgetter,3,460,10,2,13,17,17,7,0
pizza,AlchTBoxForgetter,3,460,11,2,13,17,17,7,0
pizza,AlchTBoxForgetter,3,460,0,2,13,18,18,7,0
pizza,AlchTBoxForgetter,3,460,2,2,16,17,17,10,0
pizza,AlchTBoxForgetter,3,460,13,2,13,17,17,7,0
pizza,AlchTBoxForgetter,3,460,12,2,13,17,17,7,0
pizza,AlchTBoxForgetter,3,460,3,2,16,17,17,10,0
pizza,AlchTBoxForgetter,3,460,7,2,16,17,17,10,0
pizza,AlchTBoxForgetter,3,460,6,2,16,17,17,10,0
pizza,AlchTBoxForgetter,3,460,4,2,16,17,17,10,0
pizza,AlchTBoxForgetter,3,460,15,2,13,17,17,7,0
pizza,AlchTBoxForgetter,3,460,14,2,13,17,17,7,0
pizza,AlchTBoxForgetter,3,460,5,2,16,17,17,10,0
pizza,AlchTBoxForgetter,3,461,2,2,11,15,15,0,0
pizza,AlchTBoxForgetter,3,461,3,2,11,15,15,0,0
pizza,AlchTBoxForgetter,3,461,1,2,11,15,15,0,0
pizza,AlchTBoxForgetter,3,461,0,2,11,16,11,0,1
pizza,AlchTBoxForgetter,3,461,4,2,11,15,15,0,0
pizza,AlchTBoxForgetter,3,461,5,2,11,15,15,0,0
pizza,AlchTBoxForgetter,3,461,7,2,11,15,15,0,0
pizza,AlchTBoxForgetter,3,461,6,2,11,15,15,0,0

